Basis,Coeff
(Intercept),77.9881
h(x0-17.71),7.86265
h(17.71-x0),-14.3011
h(18.57-x0),5.87475
