Basis,Coeff
(Intercept),84.0161
h(x1-5.35171),-9.18857
h(x1-13.0804),39.0962
h(13.0804-x1),-9.22684
h(x0-1.5),2.29141
