Basis,Coeff
(Intercept),75.4896
h(x0-16.2257),3.07846
x1,-0.128982
