Basis,Coeff
(Intercept),75.6296
h(17.2486-x1),-7.5467
h(x1-18.4371),-7.51043
h(18.4371-x1),7.64354
h(x1-17.8414),1.77225
h(16.9903-x1),7.15801
h(x0-19.77),2.58397
h(17.9443-x1),-7.43109
h(x1-18.136),-24.6445
h(x1-18.221),4.38248
h(x1-18.0543),11.8587
h(x1-18.1643),14.0108
x0,0.0754836
