Basis,Coeff
(Intercept),115.436
h(2.6-x0)*x1,-7.91279
h(x1-5.35171)*x1,-2.93187
h(6.76371-x1),-46.0182
h(x1-8.20729)*h(x1-6.76371),18.9354
h(8.20729-x1)*h(x1-6.76371),-71.1286
h(4.54657-x1),61.9905
