Basis,Coeff
(Intercept),75.3242
h(16.2858-x0),1.11061
h(16.6666-x0),-1.40032
