Basis,Coeff
(Intercept),-10.8138
x0,2.57001
x1,-0.0700977
x0,2.57001
