Basis,Coeff
(Intercept),-14.6112
h(x0-3.5),13.719
h(3.5-x0),-15.6593
h(x1-16.9314),0.551763
h(13.6229-x1)*h(16.9314-x1),24.2349
h(x1-7.98143)*h(x0-3.5),-0.386909
h(7.98143-x1)*h(x0-3.5),-0.17733
h(9.92186-x1)*h(16.9314-x1),-0.827199
x0*h(x0-3.5),-0.279169
h(x1-1.33857)*h(3.5-x0),2.6671
h(1.33857-x1)*h(3.5-x0),2.80531
h(x1-13.7777)*h(16.9314-x1),0.27378
h(13.7777-x1)*h(16.9314-x1),-23.31
h(12.7214-x1)*h(x0-3.5),-0.76669
h(x1-14.2786),4.41094
h(14.2786-x1),3.26189
