Basis,Coeff
(Intercept),88.3081
h(18.993-x0),10.3192
h(19.25-x0),-6.64978
h(18.8005-x0),-5.24773
x1,-0.0286297
