Basis,Coeff
(Intercept),35.884
x0,0.433603
x1,0.259433
