Basis,Coeff
(Intercept),62.3003
h(x0-12.761),4.17472
h(12.761-x0),-3.0453
h(x1-13.8214),-4.62369
