Basis,Coeff
(Intercept),66.1378
h(x1-16.2034),5.92992
h(16.2034-x1),7.77623
