Basis,Coeff
(Intercept),48.1439
h(8.8-x0),5.82603
h(x0-17.6),-2.97796
h(12.69-x0),4.21335
h(x0-11.45),5.63306
h(11.45-x0),-10.255
