Basis,Coeff
(Intercept),4.96873
x0,3.05273
x1,-2.00801
x0,3.05273
