Basis,Coeff
(Intercept),18.1647
x1,4.85194
h(16.52-x0),7.82341
