Basis,Coeff
(Intercept),29.9117
h(x1-5.92614)*h(6.023-x1),1361.69
h(6.60643-x1)*h(x1-6.023),17.094
