Basis,Coeff
(Intercept),203.917
x1,-22.2626
x0,6.61629
x0,6.61629
