Basis,Coeff
(Intercept),92.5056
h(x0-16.88),29.2181
h(16.88-x0),-10.0204
h(14.3173-x1),5.22022
h(x0-17.21),-19.3193
h(x0-14.59),-7.23074
h(14.8073-x1),-5.31552
h(x1-13.8017),-1.89732
