Basis,Coeff
(Intercept),57.3614
h(x1-9.20827),-2.43878
h(9.20827-x1),-2.14672
h(x0-11.3324),4.55905
h(11.0012-x0),-2.42784
