Basis,Coeff
(Intercept),57.389
h(x1-13.0472),3.2792
h(13.0472-x1),3.13556
h(x0-13.0108),2.70115
