Basis,Coeff
(Intercept),106.148
h(15.79-x0),25.4759
h(x0-16.71)*h(x0-15.79),83.0503
h(16.71-x0)*h(x0-15.79),-118.279
h(10.53-x0),-24.0545
h(x0-16.71)*h(x0-10.53),-25.5112
h(x0-17.45)*h(x0-10.53),-57.5142
h(17.45-x0)*h(x0-10.53),3.52582
h(x0-17.45),396.61
h(7.01-x0)*h(10.53-x0),-2.9854
x0*h(17.45-x0),-2.75833
