Basis,Coeff
(Intercept),56.4654
h(x0-8.8),5.73569
h(17.6-x0),-2.97945
h(x0-12.69),4.18935
h(x0-11.45),-7.2715
h(11.45-x0),2.73326
