Basis,Coeff
(Intercept),6.82796e+13
h(x1-19.6327),-7.06723e+13
h(19.6327-x1),7.06723e+13
h(19.0509-x1),-31.3057
h(x1-19.4329),6.75
h(x0-19.01),0.351562
h(19.01-x0),1.21533
h(18.6066-x1),-4.83789
h(x1-19.0156),28.3047
h(x1-20.3694),4.63574
h(x1-20.5989),7.06723e+13
h(20.5989-x1),-7.06723e+13
