Basis,Coeff
(Intercept),137.518
h(x0-14.9297),2.2908
h(15.4289-x0),-5.23001
h(x1-15.1732),10.4104
h(15.1732-x1),69.6618
h(15.1672-x1),-69.7587
h(x1-15.2145),-10.0037
h(14.9447-x1),1.30297
x0,-4.52958
