Basis,Coeff
(Intercept),16.5532
h(x1-14.3436),-9.35047
h(14.3436-x1),-1.51939
x0,3.55037
