Basis,Coeff
(Intercept),139.705
x0,-0.933572
x1,-3.93028
x0,-0.933572
