Basis,Coeff
(Intercept),461.372
x0,4.67902
h(x1-3.84743),20.1426
h(5.79443-x1),-33.7684
h(x1-2.52871),-24.7896
h(x1-6.54071),211.411
h(x1-4.54657),-208.135
h(4.54657-x1),231.331
h(6.83614-x1),-70.0343
h(6.36243-x1),-129.636
