Basis,Coeff
(Intercept),86.1281
h(x0-18.6),274.54
h(18.6-x0),-3.76511
x0*h(x0-18.6),-14.1813
h(x1-18.7236),-5.39729
h(x1-18.7601)*h(x0-18.6),12.5154
h(18.7601-x1)*h(x0-18.6),-18.8462
h(18.675-x0)*h(18.7236-x1),139.308
h(18.7024-x1),10.2884
