Basis,Coeff
(Intercept),466.043
x1,-41.4317
x0,3.98587
x0,3.98587
