Basis,Coeff
(Intercept),73.2689
h(x0-16.31),8.93906
h(16.31-x0),-1.38088
