Basis,Coeff
(Intercept),0.0434088
x1,4.05405
x0,0.568655
