Basis,Coeff
(Intercept),53.5883
h(10.3424-x0),-3.65394
h(11.9375-x1),0.726121
h(x0-12.2765),3.75316
h(12.2765-x0),-2.8957
h(x1-11.3852),0.464698
