Basis,Coeff
(Intercept),70.3523
h(15.4885-x0),7.94895
h(x0-15.4412)*h(15.4885-x0),-364.699
h(15.4412-x0)*h(15.4885-x0),-89.3912
h(x1-15.5539)*h(x0-15.4885),24.9988
h(x1-15.6159)*h(x0-15.4885),-35.3613
h(15.6159-x1)*h(x0-15.4885),15.3648
h(x1-15.7136),3.68657
h(x1-15.6408)*h(15.7136-x1),79.4922
h(15.7613-x1)*h(x1-15.7136),209.092
