Basis,Coeff
(Intercept),57.8422
x1,3.50693
x0,-0.606407
x0,-0.606407
