Basis,Coeff
(Intercept),-741.341
h(x0-2.12),-7.8215
h(4.88143-x1)*x1,-26.8355
h(x1-4.40371)*x1,78.0644
h(x1-5.97457)*x1,-87.9543
h(5.97457-x1)*x1,118.283
h(4.21971-x1)*h(x0-2.12),-120.124
