Basis,Coeff
(Intercept),17.3314
h(x0-5.6),4.97205
h(5.6-x0),2.83615
h(x1-11.9371)*h(x0-5.6),-0.510105
h(11.9371-x1)*h(x0-5.6),0.471249
h(x1-16.1493),8.58225
h(12.2701-x1),11.4681
h(x1-14.8297)*h(x1-12.2701),-0.835595
h(14.8297-x1)*h(x1-12.2701),-3.3836
h(15.001-x1)*h(16.1493-x1),-14.6573
h(x1-12.9817),8.36269
h(12.9817-x1),-21.412
h(x0-3.18)*h(12.2701-x1),0.575219
h(3.18-x0)*h(12.2701-x1),-1.38874
h(15.2277-x1)*h(16.1493-x1),15.0709
