Basis,Coeff
(Intercept),-155.43
x0,4.67846
x1,4.11943
x0,4.67846
