Basis,Coeff
(Intercept),85.2675
h(20.51-x0),-5.85571
h(14.5897-x1),-118.989
x0*h(20.51-x0),0.179501
x0*h(14.5897-x1),6.0973
