Basis,Coeff
(Intercept),80.7859
h(18.885-x0),-4.91156
x4,0.386246
h(2.12-x3),2.89533
