Basis,Coeff
(Intercept),73.2406
h(x0-14.63),-2.30897
h(x0-16.38)*h(x0-14.63),9.56553
h(16.38-x0)*h(x0-14.63),-4.7981
h(x0-14.35)*h(14.63-x0),-284.192
h(14.35-x0)*h(14.63-x0),43.4055
h(14.5-x0),-40.056
