Basis,Coeff
(Intercept),102.419
h(x0-8.2),15.9617
h(x1-4.354),51.1341
h(2.49186-x1),-40.577
h(x1-4.95929),-89.237
h(4.95929-x1),56.8654
h(x1-16.1371),15.0097
h(14.9743-x1),-6.3256
h(16.7587-x1),-10.6814
h(12.5356-x1),3.02426
h(x0-8.54),-11.9108
h(8.54-x0),-4.09876
h(x1-1.775),23.0619
