Basis,Coeff
(Intercept),48.8929
h(x0-9.48),5.77938
h(x0-13.67),7.21068
h(13.67-x0),-9.68718
h(16.88-x0),6.92887
h(x0-5.09),-7.51873
h(x0-6.93),4.80384
