Basis,Coeff
(Intercept),48.737
h(x1-9.19069),-2.41762
h(9.19069-x1),-2.74021
h(x0-6.78646),1.47166
h(6.78646-x0),-3.3273
