Basis,Coeff
(Intercept),42.3034
h(x1-12.0879),-14.5904
h(11.4-x0),-1.14018
h(x1-11.4137),9.97764
h(x1-12.7416),4.62206
