Basis,Coeff
(Intercept),67.202
h(x1-14.966),2.83818
h(x0-15.3061),-5.78578
h(14.8267-x0),-11.0901
h(x0-14.601),3.99371
h(x1-14.2593),-1.44372
h(14.9173-x0),8.87444
