Basis,Coeff
(Intercept),989.456
x1,-50.9871
x0,-6.69156
x0,-6.69156
