Basis,Coeff
(Intercept),70.6205
h(x0-15.2618),4.09328
h(x0-15.5472),-3.80041
h(x0-14.9273),-1.14343
h(14.9273-x0),-1.35999
x1,-0.0886358
