Basis,Coeff
(Intercept),158.743
x1,-3.91018
x0,-0.376623
x0,-0.376623
