Basis,Coeff
(Intercept),39.0688
h(11.35-x0),6.39148
h(x0-8.98),4.62199
h(8.98-x0),-7.00921
h(x0-13.65),-9.5387
