Basis,Coeff
(Intercept),2.04609
h(8.72-x0),11.1619
h(x0-12.87)*h(x0-8.72),-0.380358
h(x0-4.02),7.10339
h(7.89-x0)*h(8.72-x0),-1.10436
