Basis,Coeff
(Intercept),83.0679
h(16.5755-x0),0.845603
h(x0-18.2831),3.53575
h(18.2831-x0),-4.25114
