Basis,Coeff
(Intercept),74.968
h(x1-16.6094)*h(x0-16.5243),-1.93933
h(16.8128-x0)*h(x1-16.19),-1.00716
h(x0-16.7021)*h(x0-16.5243),-99.8139
h(16.7021-x0)*h(x0-16.5243),37.9198
h(x0-16.6576)*h(x0-16.5243),95.9361
