Basis,Coeff
(Intercept),73.7375
h(14.8138-x0),1.56494
h(x0-16.3294),4.07212
h(16.3294-x0),-4.48878
