Basis,Coeff
(Intercept),-36.3778
x0,7.13363
h(x1-1.57),60.5644
h(x1-0.643286),-206.146
h(0.643286-x1),86.4921
h(x1-0.329571),175.47
h(x1-2.793),-77.7042
