Basis,Coeff
(Intercept),74.5282
h(16.4518-x0),2.06415
h(16.8944-x0),-6.60986
h(x0-16.6447),1.37688
h(17.0201-x0),5.78784
h(16.5101-x1),-96.2941
h(16.6398-x1),3.12872
h(x1-16.501),23.491
h(x1-16.5449),-23.3647
h(16.5188-x1),93.0657
