Basis,Coeff
(Intercept),-53.9854
h(x1-8.07),-41.7848
h(5.85714-x1),15.6244
h(x1-8.24429),31.0526
h(x1-1.76614),19.2405
h(x1-4.86857),-8.3152
h(x1-9.30143),69.8776
h(x1-9.51571),-108.243
h(9.51571-x1),18.9756
h(8.89-x1),-14.8075
h(9.6-x0),-4.94111
