Basis,Coeff
(Intercept),113.703
x0,-6.99206
x0*x0,0.291748
