Basis,Coeff
(Intercept),69.997
h(x0-15.2644),6.34106
h(15.2644-x0),-2.03395
x1*h(x0-14.9543),-0.228351
x1*h(x0-15.5415),-0.252966
