Basis,Coeff
(Intercept),66.3162
h(x0-14.7548),4.86057
h(14.7548-x0),-2.89023
h(14.6653-x1),1.07219
h(x0-14.6184)*h(14.7548-x0),-173.159
h(14.6184-x0)*h(14.7548-x0),-0.724197
h(x0-14.944)*h(x1-14.6653),-0.12044
h(14.944-x0)*h(x1-14.6653),15.4374
