Basis,Coeff
(Intercept),200.377
h(x1-16.5819),-62.8314
h(17.9-x0),-3.19163
h(x1-16.4513),55.2314
h(x1-16.9634),5.31147
h(x1-17.3526),-88.1337
h(18.5501-x1),-88.1198
h(17.3051-x1),59.0637
h(x1-18.4687),51.7288
h(x1-18.5756),40.2988
h(17.3956-x1),28.9122
x0,-0.644294
