Basis,Coeff
(Intercept),-25.1262
h(3.4-x0),-3.66191
h(16.9314-x1)*h(x0-3.4),0.15153
h(x1-12.2533),6.15619
h(12.2533-x1),10.6668
h(x1-14.6371)*h(x1-12.2533),-0.280609
h(14.6371-x1)*h(x1-12.2533),-2.12653
x0*h(x0-3.4),-0.26823
h(x1-11.2084)*h(12.2533-x1),-5.62147
h(11.2084-x1)*h(12.2533-x1),-0.934528
h(x1-12.7214)*h(x0-3.4),21.9229
h(12.7214-x1)*h(x0-3.4),-24.0761
h(x1-13.2143)*h(x0-3.4),-22.2048
h(13.2143-x1)*h(x0-3.4),23.3793
