Basis,Coeff
(Intercept),67.3019
h(x0-14.9795),4.6925
h(14.9795-x0),-3.48913
h(x1-14.3639),0.0972976
h(14.3639-x1),0.620085
