Basis,Coeff
(Intercept),88.4959
h(x0-19.4155),-2.01894
h(19.705-x0),-2.06755
