Basis,Coeff
(Intercept),190.662
h(15.7957-x0),2.96027
h(x1-16.0019)*x1,0.893488
h(16.0019-x1)*x1,-0.955932
h(15.4785-x0)*x1,-0.255249
x1*x1,-0.46634
h(x0-15.5783)*x1,0.141272
