Basis,Coeff
(Intercept),137.813
x0,-5.75091
x1,3.27872
x0,-5.75091
