Basis,Coeff
(Intercept),47.6153
x0,0.429466
x1,0.324488
x0,0.429466
