Basis,Coeff
(Intercept),80.3307
h(x0-17.614),3.45847
h(17.614-x0),-1.02771
h(x1-17.546),1.34339
