Basis,Coeff
(Intercept),169.625
h(x1-17.444),-127.807
h(17.444-x1),-26.8363
x0,-13.1292
h(16.6379-x1)*x0,0.108352
h(17.444-x1)*x0,8.8124
h(16.1343-x1)*x0,0.0571254
h(17.6-x0)*h(x1-17.2206),7.91631
x0*x0,0.258699
h(x1-17.0306)*x0,7.26434
h(17.0306-x1)*x0,-7.27556
