Basis,Coeff
(Intercept),24.8131
x0,1.98401
x1,-1.09012
x0,1.98401
