Basis,Coeff
(Intercept),72.7007
h(x0-15.51),4.938
h(15.51-x0),-3.14749
h(x0-17.715),-4.61725
h(16.41-x0),2.13047
