Basis,Coeff
(Intercept),83.9993
h(16.166-x0),-18.897
h(x0-15.627),-27.2242
h(15.627-x0),18.133
h(x0-15.9255),17.2569
h(x0-15.2895),-62.8407
h(x0-15.318),64.7406
h(x0-15.732),7.32304
h(x0-16.7415),3.69506
