Basis,Coeff
(Intercept),69.3003
h(x0-15.3394),-18.8496
h(15.2869-x1)*h(15.3394-x0),-463.193
h(x0-15.376)*h(x0-15.3394),-1892.87
h(15.376-x0)*h(x0-15.3394),1127.93
h(x0-15.3597)*h(x0-15.3483),1924.39
h(15.2869-x1)*h(15.3483-x0),446.146
h(15.4182-x1)*h(x0-15.3483),17.775
h(15.172-x1),4.21796
h(15.3414-x1)*h(x1-15.172),134.627
h(15.3484-x1),-2.70856
h(15.3712-x1)*h(x1-15.3484),-1137.14
h(15.3517-x1)*h(x1-15.172),-102.81
