Basis,Coeff
(Intercept),186.378
h(x0-12.938),14.2172
h(x1-13.1936),10.0683
h(x1-12.9496),-8.80037
h(x1-13.2987),-12.9412
h(x1-12.8588),5.35612
x0,-10.0647
