Basis,Coeff
(Intercept),0.686182
x1,1.7262
x0,-0.424254
