Basis,Coeff
(Intercept),2.85298
x1,1.82557
x0,1.19067
x0,1.19067
