Basis,Coeff
(Intercept),66.997
h(x1-18.9946),-4.32483
h(x1-17.9029),0.604558
h(17.9029-x1),0.478829
h(x1-19.3594),4.65092
h(17.9-x0),0.693053
x0,0.53847
