Basis,Coeff
(Intercept),97.3162
h(x0-10.6168),3.24086
h(10.6168-x0),-11.7097
h(x10-14.833),-8.18046
h(11.4898-x10),4.2151
h(x2-10.3285),8.72063
h(10.3285-x2),-10.4287
h(14.1085-x1),4.24719
h(x7-12.6001),1.21645
h(11.0033-x15),6.13818
h(13.4748-x12),-0.753477
x3,-5.41334
