Basis,Coeff
(Intercept),702.36
x1,-45.0118
x0,-4.06044
x0,-4.06044
