Basis,Coeff
(Intercept),0.225911
h(x0-5.34),-117.115
x0*h(x0-5.34),23.3227
x1*h(x0-5.34),-4.19571
