Basis,Coeff
(Intercept),86.6724
x0,-274.619
h(x1-2.52871),-975.293
h(2.52871-x1),413.134
h(4.95071-x1)*h(x1-2.52871),-14.4688
h(x1-0.774)*h(2.52871-x1),-27.3113
h(x1-0.319)*x0,123.92
h(x0-3.56)*h(2.52871-x1),131.067
h(x1-0.636143)*h(14.82-x0),-1.39516
h(0.636143-x1)*h(14.82-x0),-9.637
h(x0-7.89)*h(x1-2.52871),-124.279
h(7.89-x0)*h(x1-2.52871),108.362
h(x1-0.510857)*h(3.24-x0),172.958
h(0.510857-x1)*h(3.24-x0),-99.0714
h(3.5-x0),-256.366
