Basis,Coeff
(Intercept),56.6325
h(x0-12.85),4.84542
h(12.85-x0),-1.68182
h(11.31-x0),-6.26445
