Basis,Coeff
(Intercept),268.644
x0,-4.41511
x1,-3.48857
x0,-4.41511
