Basis,Coeff
(Intercept),59.9296
h(11.6176-x0),-3.39656
h(12.5403-x1),0.986462
