Basis,Coeff
(Intercept),13.9988
x1,-3.80463
x0,3.60579
x0,3.60579
