Basis,Coeff
(Intercept),68.7091
h(15.539-x0),-2.89859
h(x1-14.6511),0.182696
h(14.6511-x1),0.8768
h(13.6799-x0),-3.09845
h(x0-14.5645),1.03368
h(x0-15.4429),-2.51392
