Basis,Coeff
(Intercept),5.8942
x0,4.69085
x1,-0.571929
h(15.9397-x1),-632.879
h(16.003-x1),-27.621
h(15.9503-x1),449.122
h(15.926-x1),211.585
