Basis,Coeff
(Intercept),30.8036
h(6.34-x0),8.14689
h(7.88-x0),-62.8861
h(x0-8.73),5.57217
h(4.7-x0),-7.01113
h(7.03-x0),18.5177
h(8.17-x0),40.8994
h(14.52-x0),1.25034
