Basis,Coeff
(Intercept),67.3218
h(x0-14.9391),4.47677
h(14.9391-x0),-3.51213
h(x1-14.659),0.156115
h(14.659-x1),0.734624
