Basis,Coeff
(Intercept),47.1973
h(x0-10.5702),-4.92268
h(11.972-x0),-1.68784
h(9.11324-x0),-6.5657
h(x1-9.70348),-0.306236
h(9.70348-x1),5.26679
h(x0-9.56498),5.04314
