Basis,Coeff
(Intercept),65.9918
h(x1-14.6367),3.49841
h(14.6367-x1),-1.63591
h(x0-14.4366),0.0615089
h(14.4366-x0),-1.75906
h(x1-14.3495)*h(14.6367-x1),-1.1269
h(14.3495-x1)*h(14.6367-x1),2.06292
