Basis,Coeff
(Intercept),39.6337
h(x0-10.4),7.93065
h(x0-9.14)*h(10.4-x0),35.5259
h(9.14-x0)*h(10.4-x0),-0.10716
x0*h(x0-10.4),-0.127212
