Basis,Coeff
(Intercept),72.1806
h(x0-16.88),23.3897
h(x0-17.21),-21.7803
h(x0-14.32),2.41601
h(x1-15.5435),10.8916
h(x0-13.44),-1.66481
