Basis,Coeff
(Intercept),61.8872
h(x1-10.5251),0.164205
h(10.5251-x1),0.0150133
