Basis,Coeff
(Intercept),71.0807
h(x1-16.4762),1.22309
h(16.4762-x1),0.784002
h(15.6508-x0),-1.41484
