Basis,Coeff
(Intercept),87.9135
h(19.505-x0),-1.48056
h(18.816-x0),12.7715
h(17.7705-x0),-4.45812
h(19.1015-x0),-8.46605
h(18.6915-x0),-4.50061
