Basis,Coeff
(Intercept),52.5539
h(x0-9.39),2.38244
h(6.11857-x1)*x1,-6.49461
