Basis,Coeff
(Intercept),71.4213
h(x0-15.776),3.17756
h(x0-16.04),-2.23365
