Basis,Coeff
(Intercept),-1111.93
h(x1-4.27971),43.0647
h(2.53271-x1),-38.5755
h(x0-2.6),4.96145
h(2.6-x0),-30.5737
h(x1-6.45186),-187.199
h(6.45186-x1),209.838
h(x1-5.59857),-41.6348
h(8.57343-x1),-11.6427
h(3.24-x0),17.3445
h(0.707571-x1),-118.316
h(x1-0.319),176.835
h(1.37714-x1),54.3121
