Basis,Coeff
(Intercept),30.7008
x0,1.54051
x1,-0.878244
x0,1.54051
