Basis,Coeff
(Intercept),35.8437
x0,-1.62717
x1,0.864569
