Basis,Coeff
(Intercept),80.5596
h(x0-18.57),2.56229
h(18.57-x0),-4.47446
