Basis,Coeff
(Intercept),67.751
h(x0-14.995),4.60054
h(14.995-x0),-3.10205
h(x1-16.0524),-0.31047
h(16.0524-x1),-0.358046
h(x1-15.2172)*h(14.995-x0),4.53967
