Basis,Coeff
(Intercept),78.0593
h(11.02-x0),3.44815
h(x0-17),1.35715
h(17-x0),-5.24249
h(x0-14.77),1.36126
