Basis,Coeff
(Intercept),136.6
h(x1-13.4343),13.2969
h(x0-2.6),-29.8813
h(x1-8.63143),-11.0226
h(3.7-x0),9.9698
h(10.1916-x1),14.3929
h(x1-1.15086),12.1288
h(9.25-x0),-37.2234
