Basis,Coeff
(Intercept),90.9441
h(x0-15.358),1.67634
h(19.4615-x0),-2.55007
h(x0-17.7705),-8.35999
h(17.7705-x0),6.02948
h(x0-18.816),6.56792
h(17.4315-x0),10.8031
h(19.1015-x0),-5.46312
h(17.6625-x0),-9.75914
