Basis,Coeff
(Intercept),358.34
x0,-13.228
h(x1-13.5703),-24.8815
h(14.1503-x1),6.96509
h(13.3041-x1),18.0101
h(x1-15.5741),9.13992
h(15.5741-x1),-9.09345
h(17.3-x0),-11.5829
h(14.9417-x1),-0.801516
h(17.2839-x1),-14.8108
h(x1-17.6294),11.2924
h(x1-16.3251),-5.61141
h(x1-15.7779),4.72812
h(x1-16.7671),5.55455
h(x0-13.4),2.18222
