Basis,Coeff
(Intercept),9.0097
h(x1-4.41586)*x0,9.39123
h(x1-5.48314),-93.2744
