Basis,Coeff
(Intercept),30.3834
h(1.27014-x1),-1.18643
h(x0-1.3)*h(1.56-x0),199.335
