Basis,Coeff
(Intercept),15.2309
x0,3.46474
x1,0.25344
