Basis,Coeff
(Intercept),32.8352
h(x0-8.76),9.64385
h(x0-16.55),-2.61924
h(x0-7.14),-8.60275
h(x0-4.02),4.21253
