Basis,Coeff
(Intercept),87.6713
h(x0-19.6406),4.74704
h(19.6406-x0),-4.59776
