Basis,Coeff
(Intercept),84.0469
h(x0-17.6546),3.58624
h(17.6546-x0),-2.0354
h(17.6653-x1),1.23917
h(18.9141-x1),-2.12032
h(x1-17.1115),-1.51997
