Basis,Coeff
(Intercept),86.5613
h(x0-19.392),1.15277
h(x0-18.9995),-20.3379
h(19.2785-x0),-7.45234
h(18.3945-x0),6.76048
h(18.58-x0),-5.45689
h(x0-18.929),60.4214
h(19.0235-x0),23.7381
h(18.885-x0),-16.8288
h(x0-18.938),-41.1309
