Basis,Coeff
(Intercept),87.8716
h(x0-19.6238),1.73303
h(19.6238-x0),-3.92268
h(x1-17.6675),-0.0160553
h(17.6675-x1),0.772055
