Basis,Coeff
(Intercept),57.2934
x0,0.445031
h(1.67986-x1),2.91331
