Basis,Coeff
(Intercept),72.3801
h(x0-16.72),1.17522
h(16.72-x0),-6.68177
h(12.992-x1)*h(x0-16.72),9.59982
