Basis,Coeff
(Intercept),130.217
x1,-1.15608
x0,-0.972835
x0,-0.972835
