Basis,Coeff
(Intercept),57.3235
h(14.1262-x0),4.01206
h(x1-14.1797),-4.67537
h(x0-13.661),6.76385
h(13.661-x0),-9.93914
h(x1-13.8149),1.53341
