Basis,Coeff
(Intercept),96.968
h(16.227-x0),-2.74534
h(15.4992-x0),1.9677
h(x1-17.2857),1.83087
x0,-1.43436
