Basis,Coeff
(Intercept),59.2751
x0*h(x0-13.42),0.419747
h(x1-14.714)*h(13.42-x0),-3.06821
h(14.714-x1)*h(13.42-x0),-3.40205
h(14.29-x0)*h(x0-13.42),25.9168
