Basis,Coeff
(Intercept),65.8867
h(x0-15.539),-4.2156
h(x1-14.6511),0.18468
h(14.6511-x1),0.871407
h(13.6799-x0),-3.10463
h(x0-14.5645),3.91947
h(14.5645-x0),-2.8935
h(x0-15.4417),-1.93429
