Basis,Coeff
(Intercept),30.7913
h(x0-8.7),-3.78268
h(8.7-x0),10.1184
h(x0-7.6),8.35028
h(7.6-x0),-11.619
