Basis,Coeff
(Intercept),-422.872
x1,25.2322
x0,2.47394
x0,2.47394
