Basis,Coeff
(Intercept),205.17
x0,-5.65712
x1,2.86307
x0,-5.65712
