Basis,Coeff
(Intercept),70.345
h(x0-15.7505)*h(x0-15.5012),-8.43055
h(14.8652-x1)*h(x0-15.5012),36.5119
h(x0-15.5952),3.65799
h(15.5952-x0),0.338001
h(15.0839-x1)*h(x0-15.5952),-10.775
