Basis,Coeff
(Intercept),65.8974
h(x0-17.3306),-43.7846
x0*h(17.3306-x0),2.32413
h(17.2147-x0)*h(17.3306-x0),8.42869
x1,-47.91
x0*x1,2.80954
