Basis,Coeff
(Intercept),67.8232
h(14.6337-x0),3.58915
h(14.8391-x0),-3.69203
h(x1-14.561),1.42939
h(15.0956-x1),-0.685559
h(x1-13.9078),-1.72253
