Basis,Coeff
(Intercept),49.7232
h(x0-10.86),1.25803
h(x1-11.661),-35.5625
h(x0-12.815),-1.6304
h(12.815-x0),0.865168
