Basis,Coeff
(Intercept),85.4149
x0,-0.606609
x1,-0.379977
x0,-0.606609
