Basis,Coeff
(Intercept),65.815
h(11.45-x0),-7.56641
h(x0-14.78),9.20633
h(14.78-x0),-4.6341
