Basis,Coeff
(Intercept),154.302
h(x0-8.4),-211.997
h(10.56-x0)*h(x0-8.4),68.3621
h(9.3-x0),-37.8246
h(x0-8.62)*h(9.3-x0),-265.671
h(x0-15.09)*h(x0-9.3),-75.9869
h(15.09-x0)*h(x0-9.3),79.4923
h(x0-12)*h(x0-9.3),74.4915
h(12-x0)*h(x0-9.3),-65.0194
x1*h(9.3-x0),-9.05127
x1*h(8.4-x0),12.6052
h(10.5985-x1)*h(8.4-x0),2.65985
