Basis,Coeff
(Intercept),29.8961
h(x1-9.39043)*h(8.54-x0),2.27281
h(x1-9.98043)*h(8.54-x0),-2.59192
