Basis,Coeff
(Intercept),53.4334
h(10.55-x0),-3.35475
h(x0-10.09),-5.39431
h(10.09-x0),9.1137
h(11.13-x0),-5.72957
h(x0-11.49),5.29496
