Basis,Coeff
(Intercept),228.987
h(x1-12.0081),-16.1827
h(12.0081-x1),13.6705
h(x0-8.37),-17.042
h(8.37-x0),18.2022
h(13.6014-x1),-29.9029
h(12.2631-x1),3.45917
h(13.9671-x1),9.71642
h(x1-12.8471),16.7014
h(x1-13.4729),22.2167
h(14.525-x0),-18.8908
h(x1-12.7431),-75.6299
h(x1-1.65886),-3.84007
h(x1-12.6209),56.979
