Basis,Coeff
(Intercept),116.146
h(x0-19.5),-47.489
h(19.5-x0),-4.02046
h(x1-16.9314),-1.7997
h(x1-11.83),3.7679
h(x1-15.01),-3.29367
h(x1-13.3514),18.9762
h(x1-10.9514),-5.57858
h(x1-12.7757),-33.5148
h(13.8943-x1),-21.1108
h(12.4543-x1),22.0589
h(x1-13.6314),17.5707
