Basis,Coeff
(Intercept),86.3903
h(18.5-x0),-5.41633
h(x4-19.1),2.68753
h(16.75-x10),0.644715
