Basis,Coeff
(Intercept),85.1646
x0,4.36514
h(x1-4.12686),-45.6343
h(5.29086-x1),-101.824
h(4.40371-x1),110.432
h(x1-5.73743),45.5401
