Basis,Coeff
(Intercept),65.1032
h(8.15-x0),6.94716
h(x1-16.218),-184.968
h(x1-16.283),200.821
h(x0-12.85),11.5251
h(12.85-x0),-6.02467
h(x0-11.56),-6.64555
