Basis,Coeff
(Intercept),62.0601
h(x0-10.4),-15.9083
h(10.4-x0),-6.90443
x0*h(x0-10.4),1.1186
h(x0-7.81)*h(10.4-x0),-8.43739
h(4.5-x0)*h(10.4-x0),-1.26739
h(6.8-x0)*h(10.4-x0),1.37432
