Basis,Coeff
(Intercept),75.1784
h(x0-16.5909),3.99788
h(x1-16.7556),-0.78626
h(x0-16.9816),-4.56431
