Basis,Coeff
(Intercept),4.39223
x1,1.16487
x0,3.91876
