Basis,Coeff
(Intercept),68.7172
h(x1-15.1558)*x0,0.305446
h(15.0887-x0)*h(15.0929-x0),-62179.4
h(15.1035-x0),-40.8827
h(15.2018-x1)*h(x0-15.0929),43.7744
h(x1-15.0624)*x0,-0.300468
h(15.0893-x0)*h(15.0929-x0),62180.7
h(x0-15.0595)*h(15.0929-x0),772.511
h(x0-14.9841)*h(15.1035-x0),116.602
h(x0-14.9159),-4.82189
h(x1-14.9699)*h(x0-14.9159),12.5688
