Basis,Coeff
(Intercept),15.5973
h(12.2613-x0),2.88534
h(x1-11.4016),2.2112
h(13.0383-x1),-34.6666
h(x1-12.8732),-23.2626
h(x1-12.728),-5.0946
h(12.8651-x1),36.5129
x0,3.39635
