Basis,Coeff
(Intercept),45.1355
h(x1-15.7459),5.05388
h(17.4401-x1),32.4367
h(18.0537-x1),-3.14206
h(16.6079-x1),-2.87997
x0,1.23125
h(17.3839-x1),-20.0127
h(x1-17.4757),-200.419
h(16.3214-x1),-6.40265
h(x1-17.6121),9.18762
h(x1-17.4687),185.224
