Basis,Coeff
(Intercept),84.3249
h(x0-18.9172),4.62645
h(18.9172-x0),-4.53981
