Basis,Coeff
(Intercept),66.4648
h(x0-15.9045),4.03695
h(15.9045-x0),-4.20468
h(x1-14.2304),-2.10819
h(x1-13.0601),1.84378
h(13.0601-x1),26.6713
