Basis,Coeff
(Intercept),75.5557
h(x0-8.8),-1.49667
h(8.8-x0),7.00885
h(17.6-x0),-2.97437
h(x0-12.69),4.15434
h(11.45-x0),-4.40563
