Basis,Coeff
(Intercept),158.268
x1,-11.4196
x0,2.58954
x0,2.58954
