Basis,Coeff
(Intercept),58.8069
h(x1-15.7403),0.43867
h(x0-0),1.48457
