Basis,Coeff
(Intercept),7.73276
h(4.02743-x1),5.64061
h(8.123-x1),-3.79313
h(2.8-x0),-3.53076
h(x0-1.5),2.27285
h(11.2757-x1),1.76359
