Basis,Coeff
(Intercept),191.659
h(x0-8.2),20.0604
h(8.2-x0),-4.09876
h(4.354-x1),51.1341
h(x1-2.49186),-40.577
h(x1-4.95929),5.77549
h(4.95929-x1),-38.1471
h(x1-16.1371),15.0097
h(x1-14.9743),-6.3256
h(16.7587-x1),-10.6814
h(x1-12.5356),3.02426
h(x0-8.54),-16.0096
h(x1-1.775),23.0619
