Basis,Coeff
(Intercept),-27.1974
x0,6.16393
h(14.53-x0),5.11463
h(x0-16.85),-3.49144
