Basis,Coeff
(Intercept),74.0792
h(x0-16.31),6.29588
h(16.31-x0),-2.66682
