Basis,Coeff
(Intercept),46.1274
h(0.751571-x1),-16.7933
x1*h(0.751571-x1),28.2488
h(x0-3.92)*h(4.48-x0),-59.117
h(x1-6.88243)*h(x0-5.4),-3.28529
