Basis,Coeff
(Intercept),35.6108
h(7.379-x0),-45.3948
h(x0-8.5935)*h(x0-7.379),0.871459
h(8.5935-x0)*h(x0-7.379),-9.84019
h(7.228-x0)*h(7.379-x0),55.5588
h(14.596-x1),-35.1577
