Basis,Coeff
(Intercept),3201.5
x1,-226.737
x0,-1.76842
x0,-1.76842
