Basis,Coeff
(Intercept),84.9431
h(x0-17.8),1.80777
h(17.8-x0),-5.87848
h(x2-17.845),-0.309633
