Basis,Coeff
(Intercept),422.511
x1,-33.4749
x0,-3.87791
x0,-3.87791
