Basis,Coeff
(Intercept),-0.712576
x0,4.73244
h(x1-13.383),6.5498
h(13.383-x1),7.95289
