Basis,Coeff
(Intercept),43.3797
h(x0-12.87),-8.22908
h(x0-10.43),10.8168
h(10.43-x0),-1.17226
