Basis,Coeff
(Intercept),24.0553
x0,3.1352
h(x6-14.833),-8.49944
h(12.2951-x9),1.19819
h(x10-14.833),-6.08585
h(14.833-x10),-0.808376
