Basis,Coeff
(Intercept),36.0417
x0,0.915065
x1,1.1614
x0,0.915065
