Basis,Coeff
(Intercept),15.7342
x0,2.30999
x1,-1.06282
x0,2.30999
