Basis,Coeff
(Intercept),77.2161
h(15.588-x0),5.82404
h(x0-17.0823),3.92206
h(17.0823-x0),-4.54282
