Basis,Coeff
(Intercept),47.1881
x1,-0.460921
x0,-0.00481579
x0,-0.00481579
