Basis,Coeff
(Intercept),70.8345
h(14.125-x1),-10.3432
h(14.7467-x1),2.26398
h(16.07-x0),-2.81466
