Basis,Coeff
(Intercept),86.9536
h(18.5-x0),-5.31721
h(x11-14.9),0.463081
h(x5-15.6),-0.471044
