Basis,Coeff
(Intercept),83.0947
h(x0-18.6364),4.53813
h(18.6364-x0),-4.49053
