Basis,Coeff
(Intercept),76.7869
h(x0-17.1877),-5.89323
h(17.1877-x0),8.55702
h(17.5409-x0),-8.78582
h(17.681-x1),3.39174
h(15.5634-x1),-2.88452
h(x1-16.2299),3.58282
h(16.1526-x1),-3.41986
h(x1-17.1852),12.1784
h(x1-17.1992),-13.1225
