Basis,Coeff
(Intercept),46.2918
h(x0-7.6),-7.16059
h(x0-11.05),-12.1375
h(x0-8.87),21.4617
h(8.87-x0),-1.52786
h(x15-19.35),69.147
x4,-0.175435
h(3.62-x5),-1.86229
