Basis,Coeff
(Intercept),0.826867
x1,-7.07196
x0,11.4108
