Basis,Coeff
(Intercept),224.702
x1,-15.2957
x0,1.38511
x0,1.38511
