Basis,Coeff
(Intercept),66.1214
h(x0-14.2205),2.26621
h(14.2205-x0),-4.84331
h(x1-14.6378),-35.9127
h(14.6378-x1),2.8437
h(14.8933-x1),-2.51339
h(x1-14.6207),59.7823
h(x1-14.5801),-24.3321
