Basis,Coeff
(Intercept),133.722
h(8.15-x0),14.8019
h(x0-17.715),8.41598
h(17.715-x0),-11.3129
h(12.8-x0),2.11424
h(x0-9.08),-5.84821
