Basis,Coeff
(Intercept),85.4363
h(x0-19.2),-10.3852
h(x0-16.98),6.71169
h(16.98-x0),-3.36416
x4,-0.656405
h(x4-16.3),0.832436
h(x3-17.34),-1.08645
h(x8-19.3),6.56307
