Basis,Coeff
(Intercept),78.1892
h(x0-17.5369),4.43648
h(17.5369-x0),-4.34094
