Basis,Coeff
(Intercept),35.9977
h(x0-16.385)*h(x0-6.43),1.02896
h(16.385-x0)*h(x0-6.43),0.636652
h(x0-16.83),-13.1805
h(x0-15.935)*h(16.83-x0),57.8961
h(15.935-x0)*h(16.83-x0),0.0799582
h(x0-12.53),5.36489
h(12.53-x0),9.37821
h(x0-19.36)*h(x0-16.83),1.71107
h(19.36-x0)*h(x0-16.83),1.68739
x1*h(12.53-x0),-0.626732
h(x0-19.74)*h(x0-12.53),-2.43887
h(19.74-x0)*h(x0-12.53),0.620547
