Basis,Coeff
(Intercept),70.4274
h(x0-15.588),4.54319
h(15.588-x0),1.32684
h(x0-17.0823),-0.621284
