Basis,Coeff
(Intercept),69.5444
h(x0-15.3764),5.21723
h(x0-15.5388)*h(x0-15.3764),-8.76787
h(15.5388-x0)*h(x0-15.3764),-9.67021
h(x1-15.4625)*h(x0-15.3764),259.499
h(15.5351-x1)*h(x0-15.3764),-30.5815
h(x1-15.4583)*h(x0-15.3764),-267.681
h(15.4583-x1)*h(x0-15.3764),40.6249
h(x1-15.6237),3.06034
