Basis,Coeff
(Intercept),77.4881
h(x0-16.8896),2.19192
h(x0-17.2043),-3.14987
h(x1-16.9887),-14.8358
h(x1-16.579),-0.581176
h(x1-16.9742),15.2132
