Basis,Coeff
(Intercept),-42.3812
x0,0.175236
x1,7.35087
x0,0.175236
