Basis,Coeff
(Intercept),46.9085
h(x0-9.37),4.28361
h(9.37-x0),-2.19758
h(10.92-x0)*h(x0-9.37),-22.5976
