Basis,Coeff
(Intercept),59.8159
x0,-0.973635
x1,-0.739405
