Basis,Coeff
(Intercept),67.1827
h(x0-14.9206),5.47691
h(14.9206-x0),12.4485
h(x1-14.9246),2.70017
h(14.9246-x1),5.53255
h(14.8742-x0),-18.9726
