Basis,Coeff
(Intercept),39.4204
x0,0.446422
x1,-0.364239
x0,0.446422
