Basis,Coeff
(Intercept),-913.652
x1,70.9093
h(x1-7.56671)*x1,11.1706
h(x1-9.94957)*x1,-18.6505
h(9.94957-x1)*x1,22.6263
