Basis,Coeff
(Intercept),74.5138
h(16.4727-x0),-5.79685
h(16.6293-x1),0.311041
h(16.2094-x0),4.49219
h(x0-16.6658),3.937
