Basis,Coeff
(Intercept),235.724
h(x0-19.7),16.0125
h(x1-16.7443),22.8022
h(16.7443-x1),-29.6904
h(x1-8.99),12.2292
h(x0-20.105),-9.53223
h(20.105-x0),-2.56006
h(x1-18.4143),-3.57792
h(17.2914-x1),5.63393
h(12.0557-x1),76.0091
h(12.9657-x1),-41.7945
h(x1-10.8),-38.427
h(20.9086-x1),-4.91944
