Basis,Coeff
(Intercept),56.1933
h(11.2533-x1),-0.332648
h(x1-12.816),0.200563
h(x0-13.8),-1.33265
h(x0-14.14),1.85445
h(15.844-x1),-4.34522
h(x1-14.502),-4.05674
h(14.502-x1),4.49722
x0,0.0993056
