Basis,Coeff
(Intercept),82.0899
h(x0-17.37),2.74593
h(17.37-x0),-5.94806
h(14.76-x0),0.6777
