Basis,Coeff
(Intercept),51.7209
x0,0.339922
x1,1.62409
x0,0.339922
