Basis,Coeff
(Intercept),-1.9269e+09
x13,-1.29426e+06
h(x1-12.9707),-1.88247e+07
h(12.9707-x1),1.88247e+07
h(x7-12.9707),-8.13314e+06
h(12.9707-x7),8.13314e+06
x2,8.06935e+07
h(x3-13.1132),-1.22559e+08
h(13.1132-x3),1.22559e+08
x4,6.78176e+07
h(x12-13.0007),2.3002e+06
h(13.0007-x12),-2.3002e+06
