Basis,Coeff
(Intercept),69.0232
h(x0-14.9396),3.9406
h(14.9396-x0),-2.52171
h(17.2817-x0),-0.728546
