Basis,Coeff
(Intercept),-519.384
h(x0-12.0128),-44.5168
h(x1-11.8128),-1.12692
h(11.8128-x1),-2.04407
x0,47.7325
