Basis,Coeff
(Intercept),26.2375
x1,2.87305
x0,-0.0318486
x0,-0.0318486
