Basis,Coeff
(Intercept),51.4771
h(7.1-x0),10.9035
h(x0-8.1)*h(x0-7.1),-0.546402
h(8.1-x0)*h(x0-7.1),29.8343
h(x0-5.48)*h(7.1-x0),18.7952
h(5.48-x0)*h(7.1-x0),-4.30624
h(x0-10.7),10.749
h(10.7-x0),-6.17224
h(x0-9.9)*h(10.7-x0),31.8739
h(4.62-x0)*h(10.7-x0),2.75806
