Basis,Coeff
(Intercept),68.7003
h(13.625-x0),1.50907
h(12.865-x0),1.35673
h(16.02-x0),-2.51409
h(x1-15.454),5.70279
h(x1-15.2405),-1.69841
