Basis,Coeff
(Intercept),29.1797
x0,0.0495914
x1,0.0477004
x0,0.0495914
