Basis,Coeff
(Intercept),78.8694
h(17.137-x0),-3.36377
h(16.6588-x1),-0.450185
