Basis,Coeff
(Intercept),-5.79801
x0,4.35511
h(x1-12.0397),1.76157
h(x1-16.1766),-0.953892
h(16.1766-x1),1.52219
