clusters,var,error,Trerror,partitioners,models
3,49.51682634011101,1.7377172708511353,3.736485242843628,TensorFlowCl,TensorFlowW
4,73.39084031484376,2.498969793319702,3.223437786102295,TensorFlowCl,TensorFlowW
4,12.028136055273437,2.197503089904785,2.6597917079925537,TensorFlowCl,TensorFlowW
4,87.84481354156095,1.618276596069336,3.693338394165039,TensorFlowCl,TensorFlowW
4,43.87187364424443,1.453141450881958,2.998619794845581,TensorFlowCl,TensorFlowW
