clusters,var,error,Trerror,partitioners,models
1,5.937606170774999,0.9423283934593201,0.9449132680892944,KMeansPartitioner,TensorFlowW
1,1.8221969223999999,2.466732978820801,2.4175527095794678,KMeansPartitioner,TensorFlowW
1,4.063726093548437,1.9738792181015015,2.08819842338562,KMeansPartitioner,TensorFlowW
1,2.8445168164749997,1.2734594345092773,1.4269657135009766,KMeansPartitioner,TensorFlowW
1,1.3998983546484376,1.2060036659240723,1.2280150651931763,KMeansPartitioner,TensorFlowW
