clusters,var,error,partitioners,models
6,7.750556581210937,9.655354499816895,DelaunayTriPartitioner,TensorFlowW
6,7.750556581210937,7.7553181648254395,DelaunayTriPartitioner,TensorFlowW
4,7.750556581210937,4.594272136688232,DelaunayTriPartitioner,TensorFlowW
2,7.750556581210937,1.3565129041671753,DelaunayTriPartitioner,TensorFlowW
1,7.750556581210937,1.1147135496139526,DelaunayTriPartitioner,TensorFlowW
