clusters,var,error,Trerror,partitioners,models
1,7.750556581210937,0.9904233670033694,0.3265833834837844,KMeansPartitioner,RandomForestModeler
1,0.7703496627385715,0.7288991212844849,0.7154386043548584,KMeansPartitioner,TensorFlowW
