clusters,var,error,Trerror,partitioners,models
1,7.018998347499999,59.715457916259766,26.70273780822754,KMeansPartitioner,TensorFlowCA
1,20.5290036275,68.18540954589844,39.63167190551758,KMeansPartitioner,TensorFlowCA
1,0.6091846474999999,39.582054138183594,44.184425354003906,KMeansPartitioner,TensorFlowCA
1,0.024247509999999944,14.446877479553223,18.80937957763672,KMeansPartitioner,TensorFlowCA
1,0.04307533999999999,3.2170536518096924,8.65251636505127,KMeansPartitioner,TensorFlowCA
