clusters,var,error,Trerror,partitioners,models
1,4.5667327216,1.2043596506118774,1.1265180110931396,KMeansPartitioner,TensorFlowW
1,4.5667327216,1.2263437509536743,1.12839674949646,KMeansPartitioner,TensorFlowW1
1,4.5667327216,1.2239404916763306,1.2390373945236206,KMeansPartitioner,TensorFlowCA
1,11.532088386875001,1.0246853828430176,1.1473453044891357,KMeansPartitioner,TensorFlowW
1,11.532088386875001,0.9902557730674744,1.135660171508789,KMeansPartitioner,TensorFlowW1
1,11.532088386875001,1.3820295333862305,1.4819929599761963,KMeansPartitioner,TensorFlowCA
