clusters,var,error,partitioners,models
1,12.458735919960937,2.866513729095459,KMeansPartitioner,TensorFlowW1
1,0.8823683593750001,2.8238954544067383,KMeansPartitioner,TensorFlowW1
1,3.47963049359375,2.6460280418395996,KMeansPartitioner,TensorFlowW1
1,8.72365785772461,4.201816082000732,KMeansPartitioner,TensorFlowW1
1,0.1884581238183594,0.9293941259384155,KMeansPartitioner,TensorFlowW1
