clusters,var,error,partitioners,models
1,31.75973453081597,7.663503646850586,KMeansPartitioner,TensorFlowW
2,31.75973453081597,7.163319110870361,KMeansPartitioner,TensorFlowW
1,31.75973453081597,6.5399394035339355,DelaunayTriPartitioner,TensorFlowW
8,31.75973453081597,10.9220609664917,DelaunayTriPartitioner,TensorFlowW
4,31.75973453081597,9.72647762298584,DelaunayTriPartitioner,TensorFlowW
1,31.75973453081597,103.68395233154297,KMeansPartitioner,TensorFlowW1
