clusters,var,error,partitioners,models
1,8.022918735412325,6.494284152984619,KMeansPartitioner,TensorFlowCA
2,8.022918735412325,6.160172939300537,KMeansPartitioner,TensorFlowCA
3,8.022918735412325,6.342000484466553,KMeansPartitioner,TensorFlowCA
