Basis,Coeff
(Intercept),3.09671
x0,50.0281
h(x1-1.60086)*x0,37.0812
h(2.16771-x1)*x0,-23.5432
h(x1-0.631571)*x0,-38.513
