Basis,Coeff
(Intercept),-3.88255e+13
h(8.76-x0),0.601562
h(x1-12.2066),-12.9956
h(x1-8.06757),0.942383
h(x0-12.71),0.796933
h(x1-11.8971),-1.94946
h(12.7671-x1),1.85742
h(x1-10.6176),2.56637e+13
h(10.6176-x1),-2.56637e+13
h(x1-12.1304),-2.56637e+13
h(12.1304-x1),2.56637e+13
h(12.1654-x1),15.8474
