Basis,Coeff
(Intercept),7.40368
h(4.12686-x1),24.6011
h(x1-4.778)*h(x1-4.12686),-110.143
h(x1-4.354)*h(x1-4.12686),87.4424
h(x0-6.4),8.50177
