Basis,Coeff
(Intercept),30.1363
h(x0-8.77),36.1675
x1*h(x0-8.77),-12.0775
h(1.32471-x1)*h(8.77-x0),-0.510564
h(5.92614-x1)*h(8.77-x0),-0.798576
h(5.18343-x1)*h(8.77-x0),1.00826
