Basis,Coeff
(Intercept),2.01325e+13
h(x0-8.76),0.146484
h(8.76-x0),0.586702
h(x1-12.154),-2.40889e+12
h(12.154-x1),2.40889e+12
h(x1-11.668),-3.01299e+13
h(11.668-x1),3.01299e+13
h(12.2066-x1),-8.5127
h(8.06757-x1),1.02202
h(x1-11.8971),-2.63651
h(x0-12.71),0.693048
h(x1-12.7671),2.16532
h(10.6176-x1),-0.382095
h(12.1304-x1),-22.6404
h(x1-12.0056),-3.2013e+13
h(12.0056-x1),3.2013e+13
h(x1-12.1654),6.45518e+13
h(12.1654-x1),-6.45518e+13
