Basis,Coeff
(Intercept),-59.2916
h(x1-2.196),-2.89691
h(4.02986-x1),-22.8216
h(x1-3.73557),20.2585
h(4.73371-x1),6.66946
h(x1-6.369),-1.75107
h(9.41729-x1),15.8483
h(x1-9.27486),-10.9004
h(x1-10.9079),7.41919
h(x1-10.4121),-11.7783
