Basis,Coeff
(Intercept),56.2335
h(8-x0),0.592429
h(8.74714-x1),-3.75486
h(9.66714-x1),3.49825
h(x1-8.21),46.3392
h(x1-7.17571),-19.4114
h(x1-8.31286),-30.9525
h(8.09571-x1),-19.3146
h(7.26429-x1),16.6214
h(x1-8.50714),5.87264
h(6.81757-x1),2.92646
x0,0.49902
