Basis,Coeff
(Intercept),48.8452
h(x0-10.64),-0.885172
h(10.5724-x1),-3.7584
h(x0-13.7),1.98598
h(13.7-x0),-0.947003
