Basis,Coeff
(Intercept),29.9143
h(x0-9.3),3.00721
h(9.3-x0),-19.7466
h(x1-11.9693),16.1385
h(x1-15.8546)*h(x1-11.9693),1.4736
h(15.8546-x1)*h(x1-11.9693),-2.20477
h(13.5464-x1),15.7817
h(x1-16.8001)*h(x1-13.5464),1.28599
h(16.8001-x1)*h(x1-13.5464),-7.109
h(x1-18.735)*h(x0-9.3),-1.26025
h(18.735-x1)*h(x0-9.3),0.138897
h(x1-14.8557),-31.4074
h(x1-14.6789)*h(14.8557-x1),-393.718
h(14.6789-x1)*h(14.8557-x1),-1.8315
h(13.9171-x1)*h(x1-13.5464),63.7277
