Basis,Coeff
(Intercept),-4.34769e+12
h(x0-17.4),-0.142578
h(17.4-x0),0.350342
h(17.1357-x1),1.5376
h(x1-16.2186),7.90489e+12
h(16.2186-x1),-7.90489e+12
h(x1-16.0743),-3.26025
h(x1-16.7686),-7.90489e+12
h(16.7686-x1),7.90489e+12
