Basis,Coeff
(Intercept),-508.544
x1,89.5525
h(2.95-x0)*x1,-1.52135
h(6.10843-x1),76.8963
h(x1-5.61171),-50.154
