Basis,Coeff
(Intercept),100.305
h(15.597-x1),5.65542
x0,-6.26457
h(x1-16.638)*h(x1-15.597),-1.77755
h(16.638-x1)*h(x1-15.597),-12.2247
h(14.1314-x1)*h(15.597-x1),4.01906
h(x1-15.0326)*h(15.597-x1),-45.9255
h(x1-17.7929),96.7085
h(17.7929-x1),-3.56748
h(x1-17.692)*x0,-4.31574
x0*x0,0.304496
h(x1-19.04)*h(x1-17.7929),1.18269
h(19.04-x1)*h(x1-17.7929),8.252
h(x1-14.7574)*h(15.597-x1),13.5297
h(14.7574-x1)*h(15.597-x1),-3.91687
