Basis,Coeff
(Intercept),-4.70889
h(x1-6.64329),249.033
h(x1-6.89557),-481.422
h(x1-6.95871),233.205
h(6.95871-x1),58.7892
h(5.2-x0),39.1682
h(8.48-x0),-9.83913
