Basis,Coeff
(Intercept),40.2464
x0,4.47469
h(x1-9.09214),-5.35685
h(9.09214-x1),6.49181
h(18.2767-x1),-4.6105
h(x1-13.108),1.30929
h(x1-19.4077),3.20967
