Basis,Coeff
(Intercept),-2.09262
h(x0-3.71005),154.025
h(x0-3.84018),-149.473
h(3.84018-x0),33.8523
h(x0-8.8839),-7.11929
