Basis,Coeff
(Intercept),75.3651
h(17.1357-x1),1.37026
h(x1-16.2186),4.16254
h(16.2186-x1),-1.05256
h(x1-16.0743),-3.25449
h(16.7686-x1),-0.786744
x0,-0.326956
