Basis,Coeff
(Intercept),62.2023
h(4.50471-x1),6.21583
x0*h(4.50471-x1),-0.796705
h(7-x0),-2.7387
x0*h(1.91886-x1),-1.30831
