Basis,Coeff
(Intercept),61.42
h(8.2-x0),-12.8787
x0*h(8.2-x0),1.70782
h(x1-6.06671)*h(x0-8.2),0.118262
h(6.06671-x1)*h(x0-8.2),1.53469
h(x0-11.915)*h(x0-8.2),-0.170565
x1*h(8.2-x0),0.22673
