Basis,Coeff
(Intercept),50.9086
h(x1-8.15429),31.5031
h(x1-8.56714),-57.0973
h(8.56714-x1),47.2835
h(8.08429-x1),-26.8222
h(9.21429-x1),-19.2535
h(x1-9.407),20.1248
h(x1-7.89286),5.54963
