Basis,Coeff
(Intercept),44.4779
h(x1-13.0689),5.7364
h(x1-12.6871),10.8816
h(12.6871-x1),-17.4055
h(13.55-x1),8.38529
h(x1-13.6343),-17.3732
h(13.8214-x1),6.6632
h(x0-13.53),0.49158
h(13.53-x0),0.442011
h(x1-14.47),-2.33677
h(x1-14.0957),2.22279
