Basis,Coeff
(Intercept),43.6643
h(x1-9.61671),523.194
h(x0-12),6.87053
x1*h(x1-9.61671),-48.1042
x1*h(9.61671-x1),1.05875
