Basis,Coeff
(Intercept),67.8365
h(x1-13.7143),7.93439
h(13.3457-x1),-54.6043
h(x1-13.9464),-5.38485
h(12.8686-x1),7.52108
h(x1-13.4714),12.9066
h(12.3-x0),5.093
h(x0-13.2),4.49483
h(13.2-x0),-6.15162
h(x0-11.6),-4.48316
h(x1-12.7386),14.1814
h(12.626-x1),-13.5586
h(10.31-x0),1.65507
h(15.2044-x1),-3.23599
h(13.3643-x1),63.9175
h(x1-13.4071),-25.5879
h(x1-13.1371),-7.38112
