Basis,Coeff
(Intercept),6.69138
h(3.37571-x1)*h(x1-2.13971),53.5713
