Basis,Coeff
(Intercept),3.06527e+14
h(x0-8.31),24
h(x1-11.1864),-7.40324
h(11.1864-x1),-0.046875
h(x0-7.69),1.62184e+14
h(7.69-x0),-1.62184e+14
h(x1-9.96857),1.84857
h(x0-5.8),-1.62184e+14
h(5.8-x0),1.62184e+14
