Basis,Coeff
(Intercept),136.506
h(7.719-x1),-114.135
h(x1-6.523),-97.5198
h(6.523-x1),114.135
h(x1-9.74657)*h(x1-7.719),-35.4066
h(9.74657-x1)*h(x1-7.719),35.4066
h(x1-8.18829)*h(x1-6.523),35.4066
h(8.18829-x1)*h(x1-6.523),-10.463
h(6.5-x0)*h(x0-6.4),-13242
