Basis,Coeff
(Intercept),72.6025
h(2.76771-x1),1.00898
h(5.78729-x1),-0.223033
h(16.735-x0),-0.1641
