Basis,Coeff
(Intercept),-157.225
h(12.83-x0),-18.7313
h(6.54714-x1),2.05846
h(x1-11.5994),18.1037
h(11.5994-x1),-20.3925
h(x0-8.3),1.03956
h(13.15-x0),18.6051
h(13.4937-x1),31.2337
h(2.53271-x1),-36.6078
h(12.3557-x1),3.03033
h(10.8453-x1),-5.39097
h(9.59486-x1),3.95811
h(x1-2.79743),16.8881
h(2.34543-x1),18.3321
h(11.1099-x1),2.94846
h(x1-12.7046),-8.08253
h(x1-7.36057),-2.41496
