Basis,Coeff
(Intercept),86.2672
h(x1-18.5081),-9.49825
h(16.2779-x1),6.65977
h(17.6904-x1),-16.362
h(x1-17.5153),20.3696
h(18.315-x1),8.77558
h(x1-16.7006),-12.1048
