Basis,Coeff
(Intercept),-6.474
h(17.4661-x1),225.909
h(16.5471-x1),-9.41462
h(18.3871-x1),-2.57125
h(x1-15.6144),2.68739
h(17.4719-x1),-227.609
h(x1-17.3001),390.744
h(17.3001-x1),-421.783
h(x1-17.6021),5.74125
h(16.8804-x1),6.18543
h(17.4387-x1),1901.3
h(17.4401-x1),-1417.93
h(x1-17.3627),64.1251
h(17.3809-x1),-54.2667
h(x1-17.4346),-464.44
x0,1.25644
