Basis,Coeff
(Intercept),36.0003
h(16.84-x0),1.3901
h(x1-15.7579),15.2338
h(14.5546-x1),3.29324
h(15.5243-x1),-2.91207
h(x1-15.9083),-16.5608
h(15.9083-x1),3.54359
h(x1-16.3809),6.35284
h(13.6749-x1),-4.98081
h(x1-14.893),1.28242
x0,2.11115
