Basis,Coeff
(Intercept),-1067.78
h(x0-14.525),-23.8912
h(14.525-x0),-4.41082
h(4.12686-x1),31.9663
h(x1-2.53514),-41.9462
h(x1-5.50629),-326.118
h(5.50629-x1),174.375
h(1.70657-x1),50.3747
h(x1-0.636143),-163.211
h(0.390143-x1),197.268
h(x1-1.36571),501.879
h(x1-6.32714),28.7152
h(10.4004-x1),-3.58801
h(5.36571-x1),114.088
h(1.45571-x1),-312.993
h(1.27014-x1),-189.662
h(12.1539-x1),1.49984
