Basis,Coeff
(Intercept),56.8924
h(x0-17.82),-919.573
h(x1-16.5806)*h(17.82-x0),-68.2868
h(16.5806-x1)*h(17.82-x0),49.0171
h(18.218-x1),-972.876
x0*h(17.82-x0),5.77907
h(x1-17.0366)*h(18.218-x1),17.4794
h(x1-17.6904)*h(17.82-x0),33.5975
x0*h(18.218-x1),55.7747
h(16.9891-x1),-24.8628
x1*h(x0-17.82),49.9209
x1*h(x1-16.9891),1.01623
