Basis,Coeff
(Intercept),15.4702
h(x1-5.56343),-211.566
h(x1-5.28986),137.78
h(x1-6.14529),87.0445
