Basis,Coeff
(Intercept),-92.7624
h(4.354-x1),94.4291
h(x1-2.78657),70.9354
h(2.78657-x1),-95.3007
