Basis,Coeff
(Intercept),29.7375
h(8.88-x0),8.87865
h(x0-7.6),5.03682
h(7.6-x0),-10.2745
