Basis,Coeff
(Intercept),9.85181
h(x1-9.45771),-31.3788
h(9.45771-x1),28.67
h(x1-8.15429),31.4475
h(8.56714-x1),-9.73999
h(8.08429-x1),-26.7882
h(9.21429-x1),-20.0653
h(9.407-x1),23.5835
h(7.89286-x1),5.54771
