Basis,Coeff
(Intercept),62.1865
h(4.66686-x1),5.81355
x0*h(4.66686-x1),-0.730468
h(7-x0),-2.74378
x0*h(2.03571-x1),-1.16626
