Basis,Coeff
(Intercept),18.1783
h(8.56429-x1),-22.04
h(8.26429-x1),14.8442
h(x0-9.7),13.0402
h(9.15429-x1),18.2042
h(x1-6.34143),3.76679
h(x1-7.51286),4.96455
h(7.51286-x1),-10.6266
