Basis,Coeff
(Intercept),67.7653
h(x0-12.83),-19.0473
h(12.83-x0),-1.15539
h(6.54714-x1),7.7073
h(x1-11.5937),-2.33754
h(8.3-x0),1.01692
h(x0-13.15),20.6401
h(x1-13.4937),30.9484
h(1.21314-x1),-3.93959
h(x1-12.3629),3.06979
h(x1-10.8736),-8.33573
h(11.1007-x1),4.11317
h(x1-12.7046),-8.10993
h(x1-7.36057),-11.7447
h(5.56343-x1),-2.29664
h(x1-7.74757),6.91074
h(10.3507-x1),-33.7205
h(10.2324-x1),24.6708
h(x1-10.5337),13.8438
