Basis,Coeff
(Intercept),88.248
h(17.444-x1),-0.810286
x0,-0.943409
h(x1-16.6641),0.380474
