Basis,Coeff
(Intercept),-38.8287
x1,12.6563
h(2.95-x0)*x1,-1.52135
h(x1-6.10843),76.8963
h(x1-5.61171),-50.154
