Basis,Coeff
(Intercept),-0.176124
h(x0-3.5),4.95361
h(3.5-x0),-9.0506
h(x1-16.9314),69.5366
h(16.9314-x1),-71.374
h(x1-15.01),-3.10656
h(x1-13.5943),-91.726
h(9.84443-x1),-2.58828
h(x1-1.43),20.4988
h(13.7777-x1),-54.0968
h(0.455714-x1),-107.218
h(13.6229-x1),149.143
