Basis,Coeff
(Intercept),9.49395
h(x1-4.16014),12.8279
h(4.16014-x1),27.2867
h(2.8-x0),-14.0775
