Basis,Coeff
(Intercept),38.1185
h(14.7657-x1),8.73572
h(x0-15.6),-24.7878
h(x1-13.7629),6.48929
h(13.9129-x1),-26.6133
h(14.3129-x1),-2.32176
h(14.91-x1),-5.74149
h(x1-14.5686),-3.49991
h(14.1043-x1),12.7806
h(13.8843-x1),14.4961
h(x1-13.6289),16.6466
h(x1-13.7086),-20.3435
x0,1.56526
