Basis,Coeff
(Intercept),77.9649
h(18.9946-x1),-5.4949
h(19.3594-x1),4.52828
h(17.9-x0),0.529974
h(x1-16.2913),-1.13841
h(18.4993-x1),-5.64694
h(x1-18.32),4.72242
h(x1-18.765),3.07941
h(x1-17.1384),-5.79697
h(17.1384-x1),6.41347
x0,0.433787
