Basis,Coeff
(Intercept),86.9008
h(16.98-x0),-12.3558
h(x1-18.6799)*h(x1-17.2064),11.3761
h(x1-18.5739)*h(x0-16.98),-7.24086
h(16.99-x0)*h(17.2064-x1),17.8348
h(x1-17.6281),-1.24361
h(18.6919-x1)*h(x1-17.6281),-6.11927
h(x0-18)*h(x1-17.6281),1.60509
