Basis,Coeff
(Intercept),87.9698
h(17.8215-x0),-1.22041
h(x0-8.635),-9.72878
h(8.635-x0),22.6507
h(x0-13.5565),-13.5338
h(x0-15.358),5.88054
h(9.729-x0),-25.5446
h(x0-10.412),25.6708
h(x1-19.5646),91.6872
h(x0-6.588),-5.57044
