Basis,Coeff
(Intercept),103.31
h(x0-8.73),4.50188
h(8.73-x0),-4.33504
h(x1-12.0693),10.828
h(12.0693-x1),-5.76023
h(x1-10.2673),-13.2892
h(x1-16.0821),9.34184
h(14.8399-x1),-17.711
h(x1-16.7786),-6.12238
h(14.0114-x1),17.5376
h(x1-15.2806),8.10836
h(x1-13.7629),-12.4329
h(18.8779-x1),-4.10735
