Basis,Coeff
(Intercept),101.062
x1*x0,-0.158419
h(16.1-x0),-6.29325
x1*h(x0-16.1),0.77543
