Basis,Coeff
(Intercept),53.2668
h(15.597-x1),6.74147
x0,2.29292
h(18.8451-x1),-6.05718
h(15.0533-x1),-34.8261
h(x1-13.5686),1.28691
h(15.1663-x1),27.564
h(x1-14.1494),-3.3431
h(14.1494-x1),7.46901
