Basis,Coeff
(Intercept),7.36682e+13
h(8.2-x0),16.626
h(4.354-x1),52.5566
h(2.49186-x1),-41.5118
h(x1-4.95929),-6.43288e+12
h(4.95929-x1),6.43288e+12
h(x1-16.1371),7.94846e+12
h(16.1371-x1),-7.94846e+12
h(x1-14.9743),-1.51558e+12
h(14.9743-x1),1.51558e+12
h(16.7587-x1),-10.6887
h(12.5356-x1),3.03851
h(x0-8.54),4.05371
h(8.54-x0),-21.2613
h(1.775-x1),22.8537
