Basis,Coeff
(Intercept),-532.199
h(x0-13.6),0.689652
h(15.3027-x1),-3.11236
h(16.2429-x1),1.54708
h(x1-15.0704),64.5008
h(15.0994-x1),-44.3058
h(x1-17.506),-198.502
h(13.6226-x1),45.3361
h(11.536-x1),3.32016
h(14.5809-x1),-10.106
h(x0-17.9),20.1378
h(13.6726-x1),-187.212
h(x1-13.7091),141.938
h(14.4239-x1),10.2413
h(x1-12.3606),-4.10531
h(x1-15.0191),-17.9978
h(x1-17.4753),108.228
h(x1-17.5397),93.6537
h(x1-17.355),-189.568
h(17.355-x1),184.31
