Basis,Coeff
(Intercept),81.8728
h(x1-12.154),59.3841
h(11.8064-x1),-1.23512
h(12.2066-x1),-8.53835
h(x1-8.06757),-7.49783
h(8.06757-x1),8.41208
h(x0-12.71),0.798149
h(12.7671-x1),1.98569
h(x1-10.5521),-0.328832
h(x1-12.1304),-17.7496
h(x1-12.1654),-31.7043
