Basis,Coeff
(Intercept),69.8996
h(x0-13.6),689.377
h(13.6-x0),-3.05839
h(13.6226-x1)*h(13.6936-x1),-0.252688
x1*h(x0-13.6),-50.3416
h(x0-13.6)*h(x1-13.6936),50.3395
h(13.6-x0)*h(x1-13.6936),-38.3027
x0*h(13.6-x0),0.353942
h(13.7161-x1)*h(x0-13.6),-49.9615
