Basis,Coeff
(Intercept),-263.125
h(x0-13.6),0.682651
h(x1-15.3027),-3.346
h(x1-16.2429),1.55017
h(x1-15.0704),59.9221
h(15.0994-x1),-40.8697
h(x1-17.506),-228.24
h(x1-13.6226),48.0431
h(11.536-x1),3.25506
h(x1-14.5809),-10.074
h(x0-17.9),20.1028
h(13.6657-x1),-179.248
h(13.7091-x1),255.815
h(x1-14.4239),10.0802
h(12.3606-x1),-3.86451
h(13.6994-x1),-359.089
h(13.6923-x1),234.446
h(15.0191-x1),-16.5766
h(x1-17.4753),120.974
h(17.5397-x1),111.377
h(17.355-x1),-5.22869
