Basis,Coeff
(Intercept),110.825
h(x1-13.3519),-128.676
h(13.3519-x1),123.239
h(12.6871-x1),-7.8413
h(13.0689-x1),5.54454
h(x0-13.53),0.877663
h(x1-12.4056),3.51731
h(13.55-x1),17.9463
h(13.6343-x1),-28.6093
h(13.4557-x1),-12.5678
h(14.47-x1),-9.63893
h(x1-14.2271),5.0495
h(x1-13.3843),12.9498
h(x1-14.61),5.30222
h(13.7286-x1),-88.2765
h(x1-13.7557),44.9016
h(x1-13.7086),56.7233
x0,-0.458043
