Basis,Coeff
(Intercept),-20.2711
x0,2.65593
h(x0-9.575),-2.936
h(8.07-x0),2.48123
