Basis,Coeff
(Intercept),64.2153
h(12.6871-x1),-7.77637
h(x1-13.0689),5.27753
h(x0-13.53),0.412017
h(13.53-x0),0.445983
h(12.4056-x1),3.52164
h(x1-13.55),17.3456
h(x1-13.6343),-28.4292
h(x1-13.4557),-9.81403
h(14.47-x1),-9.63679
h(x1-14.2271),5.03802
h(x1-13.3843),5.42667
h(x1-14.61),5.31285
h(13.7286-x1),-88.1624
h(x1-13.7557),44.8619
h(x1-13.7086),-45.2458
h(13.7086-x1),101.862
