Basis,Coeff
(Intercept),1052.94
h(x0-3.5),4.95361
h(3.5-x0),-9.0506
h(16.9314-x1),-1.83739
h(15.01-x1),-3.10656
h(x1-13.5943),-91.726
h(x1-9.84443),99.1008
h(9.84443-x1),-101.689
h(1.43-x1),20.4988
h(x1-13.7777),-54.0968
h(x1-0.455714),-107.218
h(x1-13.6229),149.143
