Basis,Coeff
(Intercept),74.7848
h(2.6-x0),-31.4348
h(x1-5.35171),-48.8661
h(7.929-x1),40.897
h(4.54657-x1),72.0312
h(x1-6.76371),71.1234
h(6.76371-x1),-91.1129
