Basis,Coeff
(Intercept),6.18693e+12
h(11.9809-x1),-1.58118
h(x0-8.37),-13.2895
h(8.37-x0),14.2356
h(x1-13.2611),2.21414e+13
h(13.2611-x1),-2.21414e+13
h(12.2973-x1),2.82099
h(x1-12.9817),-2.21414e+13
h(12.9817-x1),2.21414e+13
h(12.7471-x1),-48.698
h(14.525-x0),-14.8954
h(x1-1.04314),-7.7924
h(x1-12.5986),42.2083
h(10.0734-x1),9.40235
h(x1-10.835),-2.39468
h(x1-6.99),-1.64125
h(x1-10.3371),-6.01188
