Basis,Coeff
(Intercept),301.12
h(8.2-x0),16.1505
h(x1-4.354),49.7687
h(x1-2.49186),-36.5142
h(x1-4.95929),-31.8511
h(x1-16.1371),15.4453
h(14.9743-x1),-6.4473
h(16.7587-x1),-11.0787
h(x1-12.5356),3.06544
h(x0-8.54),4.04458
h(8.54-x0),-20.2619
h(1.775-x1),18.9761
