Basis,Coeff
(Intercept),32.6083
h(8.56429-x1),-19.356
h(9.29-x1),15.9037
h(x1-8.26429),13.2473
h(x0-9.7),12.1203
h(x1-9.15429),7.01094
h(6.34143-x1),3.83852
h(x1-7.51286),-5.50011
