Basis,Coeff
(Intercept),50.546
h(16.0437-x1),-15.4385
h(x1-13.6964),-5.07347
h(15.2549-x1),6.28712
h(15.9334-x1),7.03069
h(16.3194-x1),16.2667
h(15.1543-x1),27.6552
h(x1-14.9857),29.0194
h(x1-14.5086),-43.3317
h(x1-14.6486),16.1854
h(x1-16.1371),5.92902
h(x1-14.4486),37.4898
h(14.8559-x1),-11.1795
h(15.0446-x1),-30.759
h(x1-15.208),-26.1764
