Basis,Coeff
(Intercept),104.075
h(12.67-x0),3.66088
h(16.1731-x1),-13.0823
h(14.2943-x1),-4.92053
h(14.8271-x1),103.349
h(14.8199-x1),-127.617
h(13.0357-x1),-7.85075
h(13.62-x1),12.0991
h(x0-11.7),-2.5879
h(15.7-x0),-3.8862
h(x1-14.7043),-31.6895
h(14.7043-x1),53.6001
h(x1-16.278),14.9536
h(x1-15.2386),18.1127
h(15.0657-x1),-50.2473
h(15.0486-x1),45.4277
h(15.2943-x1),-10.9203
