Basis,Coeff
(Intercept),-2.30916e+13
h(x1-11.2227),-2.00822e+13
h(11.2227-x1),2.00822e+13
h(x0-16.2),0.461826
h(16.2-x0),-2.59106
h(x1-10.0729),2.00822e+13
h(10.0729-x1),-2.00822e+13
h(17.44-x0),2.17188
