Basis,Coeff
(Intercept),94.5689
h(15.6247-x1),0.543464
h(16.0553-x1),-18.2082
h(x1-16.1484),10.6127
h(x1-16.3636),19.2573
h(x1-14.507),-17.591
h(14.507-x1),18.3972
h(x1-15.9457),7.84476
h(x1-15.3823),-0.467042
