Basis,Coeff
(Intercept),336.303
h(x0-13.67),47.9927
h(13.67-x0),-51.7734
h(x0-16.88),7.48609
h(x0-8.855),-53.7904
h(8.57-x0),35.766
h(x0-10.16),-66.8157
h(x0-9.9),80.1084
h(x0-12.45),3.12361
h(x0-5.09),-18.8886
h(3.38-x0),15.0797
h(x0-6.93),11.4271
h(10.97-x0),6.0758
