Basis,Coeff
(Intercept),86.6841
h(x1-17.4401),-585.719
h(x1-16.4957),-8.2364
h(18.1134-x1),-2.75248
h(x1-17.3416),-9.94752
h(17.4757-x1),-190.123
h(x1-17.6121),7.93735
h(16.9717-x1),3.44904
h(17.4687-x1),186.913
h(x1-17.437),1420.67
h(x1-17.4346),-825.663
h(18.19-x0),-1.23481
