Basis,Coeff
(Intercept),87.5207
h(x0-17.82),-1324.04
h(x1-16.5806)*h(17.82-x0),-56.644
h(16.5806-x1)*h(17.82-x0),37.2333
h(x1-18.218),31.1578
h(18.218-x1),-1393.2
x0*h(17.82-x0),5.69065
h(x1-17.0366)*h(18.218-x1),16.414
h(17.6904-x1)*h(17.82-x0),34.1266
x0*h(18.218-x1),77.9644
x1*h(x0-17.82),72.1252
x0*h(x1-16.9891),-0.360642
