Basis,Coeff
(Intercept),94.0443
h(x0-8.76),10.459
h(15.51-x0),-2.87646
h(7.14-x0),-8.96682
h(x0-4.02),-7.67425
h(4.02-x0),12.4484
