Basis,Coeff
<<<<<<< HEAD
(Intercept),71.0823
h(x0-15.49),1.715
h(x0-17.88),-1.87172
h(x1-9.86143),0.261767
=======
(Intercept),61.8388
h(4.386-x1),-1.07005
>>>>>>> 3079fad7b133f9832220e9899597abb31f8bdb3e
