Basis,Coeff
(Intercept),19.0173
h(x1-7.15957),-33.5395
h(x1-7.62957)*x0,5.52889
h(7.62957-x1)*x0,17.181
h(9.82371-x1)*h(x1-7.15957),17.5184
x0*h(7.15957-x1),-32.5269
