Basis,Coeff
(Intercept),34.0184
h(x1-10.6749),-11.0455
h(10.6749-x1),10.1631
h(x0-11.2),-3.42342
h(12.2266-x1),1.11948
h(x1-9.07414),-2.6374
h(x0-11.5),3.40079
h(11.5-x0),-0.337015
h(x1-9.82514),12.0651
h(10.0821-x1),-9.97681
h(x1-6.99),1.72199
