Basis,Coeff
(Intercept),150.619
h(x1-16.5819),-63.0635
h(x0-17.9),-0.657976
h(17.9-x0),-2.64584
h(x1-16.4513),55.6214
h(17.0094-x1),6.62374
h(x1-17.3509),-71.3772
h(18.5501-x1),-112.66
h(17.3051-x1),48.1645
h(x1-18.4687),59.051
h(18.5756-x1),57.7486
h(x1-17.3956),21.4079
