Basis,Coeff
(Intercept),935.109
x0,-96.2859
h(7.7-x0),-65.5054
h(x0-10.2)*h(x0-8.15),-8.94127
h(10.2-x0)*h(x0-8.15),6.71064
x1*h(8.15-x0),-3.14256
x0*h(x0-7.7),9.00243
x1,-10.4103
h(x1-11.0766)*x1,1.2338
h(11.0766-x1)*x1,-2.18141
h(x1-8.76543),-7.60574
