Basis,Coeff
<<<<<<< HEAD
(Intercept),72.6025
h(2.76771-x1),1.00898
h(5.78729-x1),-0.223033
h(16.735-x0),-0.1641
=======
(Intercept),58.8035
h(x1-13.55),17.8139
h(13.55-x1),-23.4208
h(14.0086-x1),1.34557
h(x1-13.2271),2.37197
x0,0.454201
h(12.4056-x1),-2.7605
h(x1-13.6429),-33.8879
h(13.7286-x1),9.99257
h(x1-13.6171),26.9373
h(12.8506-x1),11.6538
h(x1-12.7243),-6.47195
h(x1-14.4269),-0.854995
h(x1-12.8913),-6.31699
>>>>>>> 3079fad7b133f9832220e9899597abb31f8bdb3e
