Basis,Coeff
(Intercept),47.3742
h(x1-10.8589),-1.84598
h(8.43943-x1),0.546777
h(x0-11.2),-3.52579
h(x1-12.0493),1.97758
h(12.0493-x1),-0.460019
h(x0-8.28),0.45268
h(x0-11.5),2.96239
