Basis,Coeff
(Intercept),-2.9823e+13
h(7.43043-x1),1.17725
h(x0-10.21),-2.92096e+12
h(10.21-x0),2.92096e+12
h(x1-9.029),0.0515747
h(9.029-x1),-0.374922
x0,2.92096e+12
