Basis,Coeff
(Intercept),1.17421e+13
h(x1-16.0686),-4.28711
h(x1-16.5243),1.20167e+13
h(16.5243-x1),-1.20167e+13
h(x1-15.7114),-4.14062
h(x1-15.5471),-1.20167e+13
h(15.5471-x1),1.20167e+13
h(x1-15.4314),9.59375
h(x1-15.5814),39.4814
