Basis,Coeff
(Intercept),23.548
h(15.597-x1),6.74147
x0,2.29292
h(x1-18.8451),-6.05718
h(x1-15.0533),-1.41183
h(15.0533-x1),-33.4142
h(x1-13.5686),1.28691
h(15.1663-x1),27.564
h(x1-14.1494),4.12591
