Basis,Coeff
(Intercept),-5.06335
h(x1-16.0437),-15.8509
h(13.699-x1),-5.11898
h(15.2549-x1),5.61619
h(x1-15.9334),7.15561
h(16.3194-x1),14.5692
h(15.1543-x1),27.0576
h(14.9857-x1),33.9673
h(14.5086-x1),-43.8537
h(x1-14.6486),55.7901
h(14.6486-x1),-38.9144
h(16.1371-x1),6.52433
h(x1-14.4486),37.8041
h(x1-14.8559),-13.4257
h(x1-15.0446),-33.9979
h(x1-15.208),-24.8327
