Basis,Coeff
(Intercept),35.4096
h(16.5819-x1),-64.8245
h(x0-17.9),-0.655897
h(17.9-x0),-2.67658
h(x1-16.4513),57.2089
h(17.0094-x1),7.37615
h(x1-17.3509),-59.7499
h(x1-18.5501),-109.441
h(17.3051-x1),40.9683
h(x1-18.4687),58.2066
h(x1-18.5756),55.4126
h(17.3956-x1),16.4199
