Basis,Coeff
(Intercept),42.5749
x0,2.27217
h(1.67986-x1),3.83192
h(6.635-x0),2.72602
h(x0-8.6),-2.28551
