Basis,Coeff
<<<<<<< HEAD
(Intercept),-0
=======
(Intercept),61.5164
h(x0-8.77),-3.48277
x1,-9.17125
h(x1-3.59),9.56449
h(3.15986-x1),-10.2718
>>>>>>> 3079fad7b133f9832220e9899597abb31f8bdb3e
