Basis,Coeff
<<<<<<< HEAD
(Intercept),19.6698
h(x1-10.2976),14.6656
h(11.4-x0),-1.07116
h(11.4137-x1),11.1098
h(12.7416-x1),4.61171
h(x1-12.0879),-14.6351
=======
(Intercept),86.2672
h(x1-18.5081),-9.49825
h(16.2779-x1),6.65977
h(17.6904-x1),-16.362
h(x1-17.5153),20.3696
h(18.315-x1),8.77558
h(x1-16.7006),-12.1048
>>>>>>> 3079fad7b133f9832220e9899597abb31f8bdb3e
