Basis,Coeff
(Intercept),61.5164
h(x0-8.77),-3.48277
x1,-9.17125
h(x1-3.59),9.56449
h(3.15986-x1),-10.2718
