Basis,Coeff
(Intercept),193.303
h(x1-16.5819),-49.4077
h(16.4513-x1),42.8486
x0,0.503171
h(x1-17.3509),-13.5126
h(17.0363-x1),15.3525
h(18.6567-x1),-38.0099
h(x1-18.0143),4.39677
h(x1-18.6839),20.8084
h(18.5429-x1),-74.0758
h(x1-18.6044),38.2587
h(18.4687-x1),53.7922
