Basis,Coeff
(Intercept),123.38
h(11.9809-x1),-1.41914
h(8.37-x0),0.95267
h(x1-12.2973),47.859
h(12.2973-x1),-45.0603
h(x1-12.9817),7.0366
h(x1-12.7471),-51.049
h(x0-14.525),-13.2615
h(14.525-x0),-1.60577
h(x1-1.04314),-8.01102
h(12.5986-x1),42.8957
h(x1-10.0734),8.68815
h(10.835-x1),-2.45914
h(6.99-x1),-1.60944
h(x1-10.3371),-5.26369
