Basis,Coeff
(Intercept),-81.4882
h(1.71871-x1),45.8475
h(x1-0.643286),-183.431
h(x1-0.329571),219.682
h(0.945857-x1),64.9945
h(4.28-x0),-8.58746
