Basis,Coeff
(Intercept),23.4702
h(14.7657-x1),8.74032
h(x0-15.6),-28.2083
h(x1-14.9771),-6.17846
h(x1-13.8186),24.6193
h(13.8186-x1),-16.4803
h(x1-13.9129),-15.7996
h(x1-13.6037),13.328
h(x1-13.7086),-14.2012
h(14.5686-x1),-5.18428
h(15.4386-x1),3.81461
h(x1-16.0086),-7.18858
h(14.1043-x1),10.6006
x0,1.84619
