Basis,Coeff
(Intercept),0.279513
x0,12.9973
h(1.60086-x1)*x0,30.2603
h(2.16771-x1)*x0,-20.4462
