Basis,Coeff
(Intercept),71.0823
h(x0-15.49),1.715
h(x0-17.88),-1.87172
h(x1-9.86143),0.261767
