Basis,Coeff
(Intercept),66.9727
h(x1-16.0686),-4.11798
h(x1-15.6414),1.93422
h(x1-16.5243),4.63832
h(15.7114-x1),-4.69799
h(15.5471-x1),-39.537
h(15.4314-x1),9.55589
h(15.5814-x1),36.6661
