Basis,Coeff
(Intercept),81.8872
h(16.602-x1),-122.714
h(x1-18.5081)*h(x1-16.602),-9.93641
h(18.5081-x1)*h(x1-16.602),-2.97053
h(x1-17.4757),2782.45
x0*h(17.4757-x1),-0.171592
h(17.9-x0),-48.1162
x0*h(16.602-x1),6.9707
h(x1-17.5281)*h(x1-17.4757),-2922.22
x0*h(17.9-x0),2.78992
h(x1-17.5159)*h(17.9-x0),-1.42855
h(17.5159-x1)*h(17.9-x0),6.10157
h(x1-18.4236)*h(x1-17.4757),3145.93
h(18.4236-x1)*h(x1-17.4757),-3123.71
h(x1-17.6171)*h(x1-17.4757),-209.6
h(x1-15.8697),1.98327
