Basis,Coeff
(Intercept),24.7449
h(x0-2.12),-10.4672
h(x1-4.88143),-184.533
h(5.97457-x1),127.735
h(x1-4.40371),182.553
h(8.20729-x1),-50.4061
