Basis,Coeff
(Intercept),47.4584
h(16.5819-x1),-63.0249
h(x0-17.9),-3.30646
h(x1-16.4513),55.6144
h(x1-17.0094),6.21417
h(x1-17.3509),-169.661
h(17.3509-x1),93.0909
h(18.5501-x1),-108.59
h(x1-17.3051),52.0282
h(x1-18.4687),57.4427
h(18.5756-x1),55.217
h(17.3956-x1),23.1825
x0,2.64901
