Basis,Coeff
(Intercept),-624.058
h(x0-14.525),-23.9189
h(14.525-x0),-4.4162
h(4.12686-x1),31.6615
h(2.53514-x1),-42.2023
h(x1-5.50629),-157.202
h(1.70657-x1),51.8522
h(0.636143-x1),-167.597
h(0.390143-x1),199.332
h(x1-1.36571),457.759
h(6.32714-x1),29.2786
h(x1-10.4004),-3.60593
h(5.36571-x1),119.269
h(x1-1.45571),-299.141
h(1.27014-x1),-157.908
h(x1-12.1539),1.50611
