Basis,Coeff
(Intercept),86.8664
h(x1-19.2973),-0.899684
h(x1-17.6399),0.681179
