Basis,Coeff
(Intercept),45.7713
h(x0-8),0.463831
h(x1-9.66714),2.64814
h(x1-8.21),43.3982
h(x1-7.17571),-22.3416
h(x1-8.31286),-26.0939
h(x1-8.09571),-18.5341
h(x1-7.26429),19.1856
h(x1-6.81757),3.33522
