Basis,Coeff
(Intercept),78.653
h(x1-19.6867),1.81584
h(19.0673-x1),-10.498
h(19.01-x0),1.67855
h(x1-19.4163),5.87617
h(x1-20.8714),-2.96342
h(x1-18.6206),102.66
h(18.6206-x1),8.74647
h(x1-18.598),-189.526
h(x1-18.5616),84.9038
h(x1-18.7544),-18.3583
h(x1-18.8581),14.6737
x0,0.417285
