Basis,Coeff
(Intercept),50.685
h(2.196-x1),-2.6576
h(x1-4.02986),-20.9726
h(x1-6.527),10.5146
h(x1-3.73557),17.9884
h(4.73371-x1),7.72811
h(x1-6.369),-12.7606
h(x1-9.41729),25.1408
h(x1-9.27486),-19.5442
h(10.9079-x1),8.22483
h(10.4121-x1),-13.5994
