Basis,Coeff
(Intercept),39.2133
h(x1-10.8589),-1.84852
h(x1-8.43943),1.97962
h(8.43943-x1),-1.42749
h(11.2-x0),-3.50712
h(12.0493-x1),1.51722
h(x0-8.28),0.440518
h(x0-11.5),-0.551244
h(11.5-x0),3.5003
