Basis,Coeff
(Intercept),-610.803
h(14.2823-x1),22.7451
h(x1-13.8629),-141.188
h(x1-13.0689),85.7107
h(x1-12.3751),29.5447
h(x1-13.0943),-81.8565
h(13.2794-x1),208.577
h(x1-14.2159),-26.0559
h(14.0114-x1),63.1783
h(x1-14.73),-6.49557
h(14.1117-x1),-29.4734
h(13.3214-x1),-42.3442
h(13.2721-x1),-163.623
h(x1-13.9707),-54.0117
h(13.9286-x1),38.1379
h(x1-12.4197),-34.8262
h(x1-10.9511),224.726
h(10.9511-x1),-225.523
h(13.8214-x1),-45.4302
h(13.8563-x1),173.902
x0,0.226002
