Basis,Coeff
(Intercept),-2.90085e+11
h(8.06757-x1),0.651436
h(x1-12.154),23.8631
h(x1-11.6117),4.87654e+11
h(11.6117-x1),-4.87654e+11
h(x1-12.2066),-4.87654e+11
h(12.2066-x1),4.87654e+11
h(x0-12.71),0.920876
h(x1-11.8903),-1.21111
h(x1-3.10286),-0.778942
h(12.7671-x1),1.54593
h(x1-12.1304),-9.42333
x0,-0.103456
