Basis,Coeff
(Intercept),142.746
h(16.1-x0),-2.57747
h(13.7281-x1),-56.583
h(x1-13.5103),-59.1239
h(15.4487-x1),-1.9969
h(17.2839-x1),-5.92767
h(x1-13.6317),76.595
h(18.3569-x1),4.48339
h(13.9141-x1),18.112
h(14.112-x1),-16.9537
h(x1-13.2423),-113.594
h(13.2423-x1),125.559
h(x1-11.2399),-1.84675
h(13.6766-x1),-71.9488
h(x1-13.714),97.7171
h(x1-16.3251),-5.27015
h(16.7671-x1),4.04616
h(x1-15.7109),6.67272
x0,-1.42253
