Basis,Coeff
(Intercept),238.715
h(x1-1.775),240.977
h(1.775-x1),-175.122
h(0.302571-x1)*h(1.775-x1),110.797
h(x1-0.628857),-191.065
h(0.482714-x1)*x0,74.7963
