Basis,Coeff
(Intercept),97.461
h(x1-15.8671),2.71957
h(x1-15.3586),6.10001
h(x1-13.6617),-3.41253
h(x1-15.5214),-4.19063
x0,-1.2342
