Basis,Coeff
(Intercept),-4.12452
h(x1-10.6924),-18.6162
h(10.6924-x1),17.6974
h(x0-11.2),-3.21323
h(12.2266-x1),1.103
h(x1-9.82514),31.0112
h(10.0686-x1),-18.6993
h(11.5-x0),2.92266
h(x1-9.56957),-12.3341
x0,3.26115
