Basis,Coeff
(Intercept),59.7615
h(16.0553-x1),-18.8273
h(x1-16.1484),10.9341
h(16.3636-x1),18.9882
h(x1-15.9457),8.47524
h(x0-0),0.0842332
