Basis,Coeff
(Intercept),62.022
h(1.624-x1),6.6118
h(6.635-x0),3.65307
h(8.6-x0),-2.75965
