Basis,Coeff
(Intercept),117.161
h(13.2-x0),1.04973
h(x0-15.3),-3.88487
h(15.3-x0),-1.03811
h(x1-13.5743),-13.2284
h(13.8014-x1),-114.706
h(13.3329-x1),-13.0989
h(x1-13.8221),114.889
h(x1-12.6254),1.4538
h(x1-13.7086),-69.5551
h(x1-13.6843),-301.436
h(13.6843-x1),378.781
h(x1-13.51),18.9852
h(14.3001-x1),-6.07846
h(15.4657-x1),3.67749
h(x1-13.8774),280.705
h(x1-13.8443),-62.7003
h(13.8831-x1),-257.145
h(14.1314-x1),8.63144
h(x1-13.7857),33.3754
