Basis,Coeff
(Intercept),19.6698
h(x1-10.2976),14.6656
h(11.4-x0),-1.07116
h(11.4137-x1),11.1098
h(12.7416-x1),4.61171
h(x1-12.0879),-14.6351
