Basis,Coeff
(Intercept),-1666.47
h(7.41-x0),1.58671
h(x1-14.4181),-17.08
h(13.2949-x1),13.3174
h(x1-15.1309),10.1423
h(x0-1.9),-9.87607
h(1.9-x0),-29.4253
h(x0-2.6),14.6511
h(x1-12.3381),-7.36207
h(x1-8.85114),-171.977
h(8.85114-x1),174.053
h(x1-0.132143),185.668
