Basis,Coeff
(Intercept),2.32406e+13
h(11.2227-x1),-2.63794
h(16.2-x0),-2.1174
h(x1-10.0729),-0.500061
h(10.0729-x1),3.10247
h(x0-17.44),1.33261e+12
h(17.44-x0),-1.33261e+12
x0,-1.33261e+12
