Basis,Coeff
(Intercept),74.7617
h(18.254-x1),2.28755
h(x1-17.3043),7.88627
h(17.3043-x1),-6.17643
h(x0-19.77),2.67769
h(19.77-x0),-0.0773703
h(16.9903-x1),7.59654
h(18.136-x1),-25.0635
h(18.0543-x1),14.5937
h(18.1697-x1),16.1282
h(17.2486-x1),-9.34073
h(x1-17.9857),-8.02545
