Basis,Coeff
(Intercept),9.52087e+08
x0,-1.28544e+08
x1*x0,-1.19857e+06
x1,1.97764e+07
x0*x0,4.29346e+06
