Basis,Coeff
(Intercept),18.2867
h(x1-16.0553),-15.4924
h(13.6964-x1),-5.06908
h(x1-15.2549),5.61988
h(15.9276-x1),6.12442
h(x1-16.1484),7.79736
h(15.1543-x1),27.0585
h(14.9857-x1),33.9667
h(x1-14.5086),-43.6537
h(x1-14.6486),16.8688
h(16.3339-x1),17.1382
h(x1-14.4486),37.5765
h(x1-14.8559),65.9306
h(14.8559-x1),-79.3549
h(x1-15.0446),-33.9978
h(x1-15.208),-24.8369
