Basis,Coeff
(Intercept),69.9038
h(13.6936-x1),-0.847094
h(13.6-x0),0.749807
