Basis,Coeff
(Intercept),-24.7394
h(4.12686-x1),23.4182
h(x1-4.778)*h(x1-4.12686),-103.869
x0,5.86654
h(x1-4.354)*h(x1-4.12686),81.996
