Basis,Coeff
(Intercept),-0.0243327
h(x0-8.31),19.7633
h(x1-11.1864),-6.63352
h(x0-7.69),-8.56455
h(x1-9.96857),1.68943
h(x0-5.8),0.643654
