Basis,Coeff
(Intercept),-37.0454
h(x1-7.62957)*x0,62.9162
h(7.62957-x1)*x0,-36.3119
h(x1-9.82371)*h(x1-7.15957),-23.0256
h(9.82371-x1)*h(x1-7.15957),17.6354
h(9.82371-x1)*x0,13.2364
x0*h(x1-7.15957),-49.1646
