Basis,Coeff
(Intercept),4.38214e+13
h(10.6924-x1),-0.787109
h(11.2-x0),-3.16699
h(x1-12.2266),1.10095
h(x1-9.22129),-7.25691e+13
h(9.22129-x1),7.25691e+13
h(x1-9.82514),7.25691e+13
h(9.82514-x1),-7.25691e+13
h(10.0686-x1),-18.3948
h(11.5-x0),2.78223
h(9.56957-x1),-11.6538
