Basis,Coeff
(Intercept),1.93496e+13
h(15.0261-x1),-4.59766
h(x1-16.0029),-3.81542e+13
h(16.0029-x1),3.81542e+13
h(x1-16.5471),-7.73901
h(x1-16.51),3.81542e+13
h(16.51-x1),-3.81542e+13
h(16.981-x1),-11.8936
h(x1-16.6957),-3.88818
h(x1-18.54),24.2494
h(18.2329-x1),-6.96484
h(17.3771-x1),3.06738
h(x1-18.5971),-18.2129
h(x1-16.8843),13.8362
