Basis,Coeff
(Intercept),-2.19601e+14
h(x1-16.0514),-1.26562
h(x1-14.5124),1.15572e+14
h(14.5124-x1),-1.15572e+14
h(x1-16.5471),-8.69936e+13
h(16.5471-x1),8.69936e+13
h(x1-16.0029),-2.85781e+13
h(16.0029-x1),2.85781e+13
