Basis,Coeff
(Intercept),85.5034
h(13.2-x0),1.0482
h(x0-15.3),-3.87884
h(15.3-x0),-1.03664
h(x1-13.5743),-13.2253
h(x1-13.8014),-114.666
h(x1-13.3329),-13.0962
h(13.8221-x1),114.737
h(x1-13.9199),161.931
h(13.9199-x1),-171.126
h(x1-12.6254),1.45346
h(13.7086-x1),-69.5511
h(13.6843-x1),77.3421
h(13.51-x1),18.9814
h(14.3001-x1),-6.21745
h(15.4657-x1),3.69327
h(13.8774-x1),229.005
h(x1-13.8443),-62.3028
h(13.8831-x1),-196.803
h(x1-14.1314),9.03831
h(x1-13.7857),33.3646
