Basis,Coeff
(Intercept),177.443
h(x1-12.154),25.6343
h(x1-11.7877),-1.28289
h(x1-12.2066),-12.9788
h(12.71-x0),0.950606
x0,0.821001
h(8.06757-x1),0.836067
h(12.1304-x1),-11.332
h(x1-12.7671),1.41804
x1,-11.2129
