Basis,Coeff
(Intercept),-14.7846
h(x1-15.597),6.74147
x0,2.29292
h(x1-18.8451),-6.05718
h(x1-15.0533),-34.8261
h(x1-13.5686),32.0856
h(13.5686-x1),-30.7987
h(15.1663-x1),27.564
h(14.1494-x1),4.12591
