Basis,Coeff
(Intercept),-1.29627e+14
h(x1-11.9809),-1.29688
h(8.37-x0),0.709045
h(13.2611-x1),2.86133
h(x1-12.2973),-2.97095e+13
h(12.2973-x1),2.97095e+13
h(12.5356-x1),-4.13525
h(x1-12.7471),-4.50713e+13
h(12.7471-x1),4.50713e+13
h(x0-14.525),-13.6633
h(14.525-x0),-1.67285
h(1.04314-x1),-7.96395
h(12.5986-x1),44.708
h(10.0734-x1),4.86841
h(x1-10.835),7.47808e+13
h(10.835-x1),-7.47808e+13
h(x1-6.99),-1.38867
