Basis,Coeff
(Intercept),85.2408
h(17.9-x0),-2.60747
h(16.4513-x1),54.153
h(x1-16.8983),7.66298
h(x1-17.3509),-74.838
h(18.5501-x1),-112.783
h(x1-17.3013),46.3149
h(x1-18.4687),-4.38014
h(18.4687-x1),65.0452
h(18.5756-x1),56.2469
h(x1-17.3881),26.7624
h(16.5819-x1),-62.6505
x0,-0.539053
