Basis,Coeff
(Intercept),38.1557
h(x0-8.76),4.80303
h(8.76-x0),-2.29085
h(x0-2.56)*h(8.76-x0),-0.699387
h(2.56-x0)*h(8.76-x0),-0.806566
