Basis,Coeff
(Intercept),112.288
h(16.1-x0),-2.52274
h(13.7281-x1),-75.0717
h(x1-13.5103),-58.2297
h(15.4487-x1),10.5548
h(17.2839-x1),-4.71564
h(13.6317-x1),74.6965
h(x1-18.3569),4.39711
h(15.3684-x1),-8.40377
h(13.9141-x1),18.7857
h(14.112-x1),-16.7674
h(x1-13.2423),11.5401
h(x1-11.2399),-1.4854
h(x1-13.6766),-73.865
h(x1-13.714),118.801
x0,-1.40999
