Basis,Coeff
(Intercept),-738.285
h(x1-4.27971),42.6087
h(2.53271-x1),-37.9245
h(x1-6.45186),-148.289
h(6.45186-x1),168.227
h(x0-2.6),-31.6508
h(5.59857-x1),-39.7666
h(x0-3.24),19.8811
h(x0-1.5),16.7403
h(x1-0.707571),-113.281
h(x1-0.319),169.09
h(x1-1.37714),51.3134
