Basis,Coeff
(Intercept),100.888
h(14.43-x1),-19.4334
h(16.4343-x1),-15.1422
h(15.9183-x1),11.6076
h(14.4-x0),1.50951
h(x1-13.4314),-114.771
h(13.4314-x1),115.821
h(14.0454-x1),-33.1945
h(x1-14.27),31.3525
h(13.7114-x1),-59.5347
h(x1-13.6657),54.5476
h(x1-13.9629),21.8517
x0,1.60597
