Basis,Coeff
(Intercept),126.879
h(14.43-x1),-19.9119
h(16.4343-x1),-15.5183
h(x1-15.9183),12.0046
h(x0-14.4),1.67438
h(x1-13.4314),1.51363
h(14.0454-x1),-33.1566
h(x1-14.27),32.1849
h(x1-13.6314),-74.5526
h(13.6314-x1),66.3269
h(13.7114-x1),-65.7769
h(13.6657-x1),68.0958
h(x1-13.9629),21.8034
