Basis,Coeff
(Intercept),148.398
h(x1-13.7143),7.7832
h(13.3457-x1),-53.5888
h(13.9514-x1),-5.16706
h(x1-12.8686),7.61816
h(x1-13.4714),12.1094
h(x0-12.27),4.32106
h(13.2-x0),-1.58213
h(11.4-x0),-3.91184
h(x1-12.7386),14.2608
h(12.626-x1),-13.7386
h(x0-10.31),1.78094
h(15.2044-x1),-3.39824
h(x1-13.3643),62.1327
h(x1-13.4071),-24.1449
h(x1-13.1371),-83.2571
h(13.1371-x1),75.9099
x0,-6.07133
