Basis,Coeff
(Intercept),1.25677e+14
h(x0-16.835),-2.34911e+14
h(16.835-x0),2.34911e+14
h(x0-17.37),2.34911e+14
h(17.37-x0),-2.34911e+14
h(16.8259-x1),-44.0067
h(x1-16.5543),63.0105
h(x1-16.0561),-412.582
h(x1-16.25),-20.0375
h(x1-16.0499),375.754
h(15.7726-x1),-69.6498
h(16.5971-x1),-47.1601
h(x1-16.144),58.7868
h(x1-15.8401),-99.143
h(15.8401-x1),134.217
h(x1-15.6909),40.9569
h(16.9734-x1),32.0118
