Basis,Coeff
(Intercept),1.31514e+13
h(x0-12.67),3.92041
h(16.1731-x1),-14.5009
h(14.28-x1),-4.65372
h(14.8271-x1),95.6279
h(14.8199-x1),-119.794
h(15.7-x0),-4.98236
h(13.0357-x1),-7.67598
h(x1-13.62),11.8469
h(x0-11.7),-7.47778
h(11.7-x0),4.51356
h(x1-14.7043),21.5704
h(16.278-x1),17.5
h(x1-15.2386),17.7498
h(x1-15.0657),-5.75374e+13
h(15.0657-x1),5.75374e+13
h(x1-15.0486),45.272
h(x1-15.2943),5.75374e+13
h(15.2943-x1),-5.75374e+13
