Basis,Coeff
(Intercept),75.7373
h(16.19-x0),4.36412
h(x0-14.906),-47.8641
h(x0-16.8255),-6.33351
h(13.9946-x1),18.4659
h(x0-15.317),12.6098
h(x0-18.952),4.02201
h(18.952-x0),-8.53458
h(x0-14.815),35.1509
h(10.5405-x0),-4.04078
h(x1-14.2751),-57.6676
h(14.2751-x1),38.2679
h(13.8217-x1),-58.5716
h(12.1362-x1),4.42673
h(x1-16.1386),4.33723
h(x1-13.8831),56.2445
