Basis,Coeff
(Intercept),69.7642
x0,6.92283
x1,-327.612
h(x1-0.595143)*x1,-556.985
h(x1-0.168286)*x1,587.164
h(0.168286-x1)*x1,-5873.13
