FOC,PRED,PERC
57.9,70.01028,9.522776
87.8,70.36339,18.036375
64.9,76.25712,10.93736
73.0,22.457157,17.585346
88.1,-44.94896,18.068104
87.8,99.54987,17.653376
64.0,59.47921,12.165308
