Basis,Coeff
(Intercept),-4.77722
h(x0-9.42),4.45132
h(9.42-x0),-1.85821
h(x3-12.2),0.676194
h(12.2-x3),-0.0777689
x1,1.11044
h(x6-25.69),0.149847
h(x4-38.38),-0.0880076
h(38.38-x4),-0.0581106
h(x6-104.55),-0.171232
h(104.55-x6),0.115117
x5,0.819647
h(x4-56.21),0.107355
