Basis,Coeff
(Intercept),23.1656
h(x0-13),14.5834
h(13-x0),-3.32294
h(x2-0.71),112.415
h(12.45-x3),-0.165468
h(x4-299.79),-0.028317
h(299.79-x4),-0.0034579
x1,0.962003
x5,-0.951578
h(x6-171.1),0.00282
h(171.1-x6),0.0100045
