Basis,Coeff
(Intercept),13.6573
h(x0-10.54),3.91856
x6,0.0561537
h(x1-4.88),1.16692
h(4.88-x1),-2.15974
