Basis,Coeff
(Intercept),22.3181
h(x0-12.047),6.26565
h(12.047-x0),-2.20945
h(x2+2.043),-2.62068
h(-2.043-x2),15.9464
h(4.877-x1),-10.4017
h(4.378-x1),19.5122
h(x3-7.573),0.655043
h(7.573-x3),-0.145194
