Basis,Coeff
(Intercept),18.0708
h(x0-10.992),5.06684
h(10.992-x0),-2.9843
h(x1-4.644),0.730397
h(4.644-x1),-3.81529
h(x3-12.61),0.270459
h(12.61-x3),-0.203187
h(230.173-x6),0.011032
h(x5-1.401),3.6488
h(345.208-x4),0.0236267
