Basis,Coeff
(Intercept),40.3981
h(x0-12.441),-3.06971
h(290.608-x6),-0.138764
h(x4-265.502),-0.0231539
h(265.502-x4),-0.0114773
h(x6-234.88),0.0168717
h(234.88-x6),0.182618
h(x5-0.676),0.584448
h(0.676-x5),12.9901
h(x3-9.3),-0.324412
h(9.3-x3),-0.407222
h(x0-13.326),9.21767
h(13.326-x0),-5.27977
h(4.837-x1),14.7886
