Basis,Coeff
(Intercept),39.4987
h(10.457-x0),1.62368
h(x1-4.691),0.406321
h(4.691-x1),-5.07389
h(x6-217.67),-0.126097
h(x3-14.779),0.289163
h(14.779-x3),-0.215747
h(x6-310.505),-0.462992
h(x4-328.574),-0.0375238
h(328.574-x4),0.00813761
h(11.998-x0),2.11599
h(x0-14.746),-4.18412
h(14.746-x0),-6.33556
h(x2+1.208),2.64393
h(-1.208-x2),2.40093
h(x6-224.52),0.252769
h(224.52-x6),0.0125319
