Basis,Coeff
(Intercept),50.3174
h(x0-9.767),-2.35249
h(9.767-x0),3.42561
h(159.266-x6),0.0494201
h(x1-4.527),1.01204
h(4.527-x1),-2.08925
h(x6-206.48),0.0375963
h(206.48-x6),0.0825
h(x0-13.022),4.02091
h(62.529-x6),-0.114568
h(x3-14.129),0.811403
h(14.129-x3),-0.0836176
h(14.611-x0),-6.06994
h(297.901-x6),-0.0867505
