Basis,Coeff
(Intercept),61.4494
h(8.263-x0),7.59341
h(x0-10.194),8.43787
h(10.194-x0),-3.48403
h(x1-12.238),-31.7512
h(12.238-x1),-1.89877
h(x0-8.466),-15.7995
h(13.559-x3),-1.23771
h(12.364-x0),5.19595
h(x5-1.092),-1.79701
h(1.092-x5),-0.898176
h(-2.251-x2),-11.3617
h(x0-7.016),7.59528
h(x3-8.923),-0.379814
h(8.923-x3),1.04168
h(14.604-x0),-8.00531
h(x2+1.715),-1.74566
h(-1.715-x2),5.32704
