Basis,Coeff
(Intercept),16.2114
h(8.419-x0),-10.0512
h(x1-8.21),0.726282
h(8.21-x1),-1.65704
h(x0-10.492),5.08934
h(10.492-x0),1.01513
h(x6-68.38),0.0383765
h(68.38-x6),0.0651191
h(x3-21.257),1.19862
h(7.462-x0),7.36406
h(x6-136.15),-0.0338355
h(x3-6.851),0.256598
