Basis,Coeff
(Intercept),133.895
h(x3-13.3887),1.2296
h(13.3887-x3),-1.28768
h(x1-4.528),-15.3636
h(4.528-x1),10.263
h(x2+0.190667),-3.91255
h(-0.190667-x2),0.324047
h(17.288-x3),1.08109
x4,0.00787608
h(x0-12.0033),5.31668
h(12.0033-x0),-3.33407
h(11.3587-x1),-21.5022
h(10.8327-x1),4.8698
