Basis,Coeff
(Intercept),32.4598
h(x0-7.504),1.52616
h(x2+1.565),2.40069
h(-1.565-x2),-5.34483
h(x3-17.359),-3.34981
h(17.359-x3),-1.84559
h(x6-227.53),0.0124078
h(227.53-x6),0.0210115
h(x0-13.976),7.60523
h(13.976-x0),-2.41421
h(11.192-x3),1.68929
h(x5-0.612),1.10183
h(0.612-x5),3.20158
