Basis,Coeff
(Intercept),18.1048
h(x0-8.89),1.41386
h(x2-0.71),118.999
h(14.74-x3),-0.25045
h(x0-12.25),1.78985
x1,0.946631
h(x4-330.6),-0.055852
h(330.6-x4),-0.00362628
h(154.36-x6),0.00793271
h(x0-13),9.66203
h(13-x0),-2.33699
