Basis,Coeff
(Intercept),37.9337
h(x0-14.256),0.969366
h(14.256-x0),4.89177
h(x1-4.549),1.6472
h(4.549-x1),-4.55119
h(14.596-x0),-10.5538
h(x4-293.269),-0.0189602
h(293.269-x4),0.00162748
h(x6-173.956),-0.0254799
