Basis,Coeff
(Intercept),48.6299
h(x0-13.548),-2.74637
h(x3-14.095),0.469107
h(x1-11.318),-18.6553
h(11.318-x1),-2.80569
h(x0-12.264),3.88341
h(x5-1.136),0.993191
h(1.136-x5),1.71216
h(x2-0.231),-3.85107
h(0.231-x2),2.54913
h(26.031-x3),2.93086
h(x3-29.11),-1.25996
h(29.11-x3),-3.06619
h(x0-14.102),7.91447
h(14.102-x0),-2.48049
