Basis,Coeff
(Intercept),38.1753
h(12.918-x0),-2.03106
h(11.419-x1),-2.51349
h(14.731-x0),-3.22817
h(x0-13.959),-7.66603
h(x5-0.554),1.73691
h(0.554-x5),9.55747
h(0.381-x2),6.6242
h(x0-14.545),-10.8352
h(x0-14.04),15.99
