Basis,Coeff
(Intercept),116.788
x0,-4.89967
x4,-0.0145959
