Basis,Coeff
(Intercept),28.7262
h(x0-12.673),4.54842
h(12.673-x0),-2.42082
h(x1-11.372),-11.0409
h(11.372-x1),-2.09609
h(x3-13.692),0.620999
h(13.692-x3),-0.120457
h(x0-9.893),1.47351
h(-0.694-x2),-2.55917
h(x2-0.587),21.8079
h(0.587-x2),3.42
