Basis,Coeff
(Intercept),38.3474
h(12.584-x0),4.73532
h(x1-4.513),1.72332
h(4.513-x1),-11.8747
h(x5-1.08),-1.69791
h(1.08-x5),-1.01176
h(168.47-x6),0.0137542
h(x3-7.338),0.310869
h(x2+2.147),-2.26229
h(-2.147-x2),13.9586
h(x0-14.528),3.26117
h(14.528-x0),-7.63505
h(x2-0.58),10.669
