Basis,Coeff
(Intercept),55.8894
h(x3-17.4077),1.27162
h(17.4077-x3),-27.3719
h(x0-8.21194),-14.7267
h(8.21194-x0),2.42945
x2,1.24435
h(x3-15.71),4.30408
h(17.6054-x3),18.7923
h(x0-7.36833),14.0855
h(x4-1.86867),-0.516846
h(1.86867-x4),-1.74939
