Basis,Coeff
(Intercept),17.6809
h(x0-11.351),21.3929
h(11.351-x0),-18.6306
h(x1-4.897),1.86309
h(4.897-x1),-7.55034
h(x6-197.3),0.00971973
h(197.3-x6),0.0074602
h(12.024-x3),-0.08451
h(11.602-x0),7.51035
h(10.674-x0),8.09477
h(x2-0.603),74.4312
h(0.603-x2),3.10046
h(x5-1.484),-0.876043
h(1.484-x5),-0.623552
h(x0-11.232),-13.5174
h(x0-10.196),-2.42845
