Basis,Coeff
(Intercept),17.3745
h(x0-10.607),-2.72406
h(x6-172.534),-0.0130123
h(172.534-x6),0.0180951
h(x1-4.547),1.07505
h(4.547-x1),-5.55871
h(x4-255.257),0.15914
h(255.257-x4),-0.00748931
h(x4-299.515),-4.4045
h(x3-10.348),0.273527
h(10.348-x3),-0.0947168
h(x5-0.75),1.84197
h(0.75-x5),1.91617
h(x0-10.749),7.82647
h(10.749-x0),-2.73789
