Basis,Coeff
(Intercept),23.1332
h(x0-11.653),6.27724
h(11.653-x0),-2.67495
h(x1-4.72),0.812305
h(4.72-x1),-2.46073
h(x3-18.907),0.584633
h(18.907-x3),-0.195962
h(x6-2.22),-0.00604932
h(2.22-x6),0.654469
h(x0-10.399),2.22132
h(1.051-x5),-2.44564
h(x0-14.704),-8.9921
h(x0-11.319),-2.8222
