Basis,Coeff
(Intercept),9.50482
h(8.388-x0),-5.40612
h(x1-11.541),15.2949
h(10.402-x0),3.89364
h(x3-13.535),0.252037
h(x2+0.286),-3.69633
h(-0.286-x2),0.578142
h(7.074-x3),0.434307
h(x1-12.313),-89.0933
h(12.313-x1),-1.87647
h(x0-7.218),5.57805
h(x1-11.463),-22.088
h(12.062-x0),1.37931
h(x3-20.274),1.18059
h(20.274-x3),-0.254845
h(x1-12.029),29.4797
