Basis,Coeff
(Intercept),-92.94
x3,8.67548
x2,1.13418
x4,0.527959
h(x0-13.48),3.01743
h(13.48-x0),-0.128337
