Basis,Coeff
(Intercept),-2.79595
h(x2+1.04),-6.11299
h(-1.04-x2),5.05665
h(x6-160.85),-0.0871882
h(160.85-x6),0.0998432
h(x4-34.42),-0.153781
h(x0-12.52),2.85714
h(12.52-x0),7.66377
x1,2.24312
h(x3-3.38),-2.35965
h(13.48-x0),-6.81337
h(x6-29.39),0.0982893
h(x4-25.58),0.134245
h(x3-1.43),2.50234
