Basis,Coeff
<<<<<<< HEAD
<<<<<<< HEAD
<<<<<<< HEAD
<<<<<<< HEAD
<<<<<<< HEAD
(Intercept),93.1053
h(x3-18.94),-718.761
h(18.94-x3),-9.4118
h(x2-7),-4.78297
h(7-x2),-1.0557
x4,1.58723
h(x1-171.1),-0.41264
h(171.1-x1),0.00302105
=======
=======
>>>>>>> 5a43801735e05336e1b36a0ed265ef0ef22603c2
=======
>>>>>>> 5a43801735e05336e1b36a0ed265ef0ef22603c2
=======
>>>>>>> 5a43801735e05336e1b36a0ed265ef0ef22603c2
=======
>>>>>>> 5a43801735e05336e1b36a0ed265ef0ef22603c2
(Intercept),55.8894
h(x3-17.4077),1.27162
h(17.4077-x3),-27.3719
h(x0-8.21194),-14.7267
h(8.21194-x0),2.42945
x2,1.24435
h(x3-15.71),4.30408
h(17.6054-x3),18.7923
h(x0-7.36833),14.0855
h(x4-1.86867),-0.516846
h(1.86867-x4),-1.74939
<<<<<<< HEAD
<<<<<<< HEAD
<<<<<<< HEAD
<<<<<<< HEAD
>>>>>>> 5a43801735e05336e1b36a0ed265ef0ef22603c2
=======
>>>>>>> 5a43801735e05336e1b36a0ed265ef0ef22603c2
=======
>>>>>>> 5a43801735e05336e1b36a0ed265ef0ef22603c2
=======
>>>>>>> 5a43801735e05336e1b36a0ed265ef0ef22603c2
=======
>>>>>>> 5a43801735e05336e1b36a0ed265ef0ef22603c2
