Basis,Coeff
(Intercept),71.4187
h(x3-13.9935),1.69664
h(x0-14.492),-0.698479
h(14.492-x0),-2.88207
h(x2-17.8459),2.18394
h(17.8459-x2),-0.769775
h(x4-0.074),0.297214
h(0.074-x4),108.158
h(x3-14.4052),13.1349
h(14.4052-x3),-6.05389
