Basis,Coeff
(Intercept),40.0346
h(x0-12.066),4.96448
h(12.066-x0),-1.76435
h(x6-194.58),-0.0299171
h(x6-304.5),-0.435185
h(304.5-x6),-0.0214917
h(x3-2.32),0.199101
h(2.32-x3),2.86225
h(x0-10.619),2.22176
h(x2+2.486),-2.13584
h(-2.486-x2),-9.04711
h(x6-235.73),0.161289
h(x1-12.383),-562.661
h(12.383-x1),-1.84886
h(x0-14.673),-9.75918
h(x6-70.19),-0.0656912
h(x6-163.16),0.075857
h(x6-345.93),0.685643
h(x5-1.424),0.538429
h(1.424-x5),1.0686
