Basis,Coeff
(Intercept),-2913.66
h(x3-18.5907),1.91787
h(18.5907-x3),12.5002
x2,0.978341
h(x4-0.122),1.03639
h(0.122-x4),22.4978
h(12.8867-x0),65.9644
h(19.8953-x3),-14.3103
h(x3-22.974),12.7864
h(50.024-x1),0.0529867
h(11.591-x0),22.8728
h(11.0533-x0),-55.0696
h(x0-12.74),-1532.39
h(12.74-x0),1465.81
h(x0-10.8317),1906.88
h(x0-10.862),-363.38
h(10.8283-x0),-1562.97
h(10.9433-x0),220.343
h(10.9167-x0),-156.794
