Basis,Coeff
<<<<<<< HEAD
<<<<<<< HEAD
<<<<<<< HEAD
<<<<<<< HEAD
<<<<<<< HEAD
(Intercept),-90.3391
x3,8.81389
x2,2.39652
h(x0-13.27),8.53978
h(13.27-x0),0.615055
h(x4-3.47),13.1315
h(3.47-x4),-1.33954
h(x1-177.67),17.8426
h(177.67-x1),-0.00506105
=======
=======
>>>>>>> 5a43801735e05336e1b36a0ed265ef0ef22603c2
=======
>>>>>>> 5a43801735e05336e1b36a0ed265ef0ef22603c2
=======
>>>>>>> 5a43801735e05336e1b36a0ed265ef0ef22603c2
=======
>>>>>>> 5a43801735e05336e1b36a0ed265ef0ef22603c2
(Intercept),2.36791e+13
h(x3-18.7689),-1.48584
h(18.7689-x3),-8.65912
x2,2.582
h(13.982-x0),303.408
h(x0-10.5133),2.10793e+13
h(10.5133-x0),-2.10793e+13
h(x0-9.39),-2.10793e+13
h(9.39-x0),2.10793e+13
h(x4-1.61667),1.8039
h(1.61667-x4),0.272178
<<<<<<< HEAD
<<<<<<< HEAD
<<<<<<< HEAD
<<<<<<< HEAD
>>>>>>> 5a43801735e05336e1b36a0ed265ef0ef22603c2
=======
>>>>>>> 5a43801735e05336e1b36a0ed265ef0ef22603c2
=======
>>>>>>> 5a43801735e05336e1b36a0ed265ef0ef22603c2
=======
>>>>>>> 5a43801735e05336e1b36a0ed265ef0ef22603c2
=======
>>>>>>> 5a43801735e05336e1b36a0ed265ef0ef22603c2
