Basis,Coeff
(Intercept),22.1765
h(x0-11.792),7.62657
h(11.792-x0),-1.88118
h(x1-11.404),58.4238
h(11.404-x1),-1.96228
h(x2-0.367),35.52
h(0.367-x2),3.47496
