Basis,Coeff
(Intercept),-99.6943
x3,8.69651
x2,1.14682
x4,0.548087
x0,0.515038
