Basis,Coeff
(Intercept),-240.94
h(x0-9.33),7.25856
h(0.7-x2),145.005
h(x2+0.96),150.91
h(-0.96-x2),-138.066
h(x3-15.86),0.817124
h(169.28-x6),0.0739724
h(x0-12.88),-12.7725
h(x0-12.36),14.8777
h(x0-11.45),-6.46897
h(5.96-x3),0.826422
h(x6-118.97),0.0400248
h(118.97-x6),-0.0730487
