Basis,Coeff
(Intercept),0.808955
h(x0-6.967),6.4853
h(6.967-x0),-4.89299
h(x2-0.122),-3.20026
h(0.122-x2),-0.972055
h(x3-17.126),1.07432
h(17.126-x3),-0.256794
h(12.06-x0),3.33796
h(x1-11.324),-8.88745
h(11.324-x1),-1.05248
h(x4-277.974),-0.0981676
h(277.974-x4),-0.00667983
h(x5-2.504),1.70486
h(2.504-x5),-0.332748
h(x6-188.919),0.00625877
h(188.919-x6),0.00957774
