Basis,Coeff
(Intercept),37.3711
h(14.84-x0),-3.32796
h(11.42-x3),0.30027
x5,1.2541
h(271.67-x6),0.208351
h(x4-51.34),-0.14378
h(51.34-x4),-0.0235039
h(x3-26.89),8.81777
h(25.87-x3),-3.5
h(x6-244.75),0.0157639
h(244.75-x6),-0.624739
h(x4-66.1),0.20828
h(x3-28.07),-8.61284
h(28.07-x3),3.00815
