Basis,Coeff
(Intercept),34.4262
h(x3-18.3593),5.69353
h(18.3593-x3),-2.55246
h(x2-12.5182),0.485391
h(x4-0.180667),1.98159
h(0.180667-x4),38.3552
h(x1-73.404),-0.0934033
h(11.59-x0),15.9562
h(x0-12.73),-77.7815
h(12.73-x0),-13.4706
h(x0-12.8863),2937.48
h(x5-129.158),0.0239785
h(129.158-x5),0.00741786
h(x1-39.6213),0.0934511
h(39.6213-x1),0.0680343
h(x0-12.87),-138.982
h(x0-12.8957),-926.778
h(x0-12.8817),-1778.77
h(x2-3.70057),0.575211
h(3.70057-x2),0.399798
