Basis,Coeff
(Intercept),4.09323
h(8.89-x0),-0.99062
h(104.51-x6),0.0164458
x1,0.586868
h(x3-4.79),0.213705
h(x0-7.54),3.40578
