Basis,Coeff
(Intercept),-5.06592
x0,2.84387
x6,-0.0205679
x4,-0.0162998
