Basis,Coeff
(Intercept),4.73096e+13
h(13.2547-x3),3.14453
x2,2.15384
h(x0-13.9783),243.348
h(x3-18.9379),-2.01665
h(18.9379-x3),-8.51147
h(x0-11.1133),2.72416e+13
h(11.1133-x0),-2.72416e+13
h(x0-9.37667),-2.72416e+13
h(9.37667-x0),2.72416e+13
h(x4-1.36),2.32728
h(1.36-x4),0.571364
h(9.82-x0),-19.8206
