Basis,Coeff
(Intercept),19.2952
h(10.169-x0),2.0409
h(x1-4.524),0.917088
h(4.524-x1),-4.17817
h(x6-170.2),0.018723
h(170.2-x6),0.0207102
h(x0-12.028),4.03489
h(x5-1.09),-1.76916
h(1.09-x5),-0.99358
h(x3-5.53),0.174213
h(x0-11.209),2.05071
h(11.209-x0),-4.9563
