Basis,Coeff
(Intercept),32.2913
h(x0-14.041),9.044
h(14.041-x0),-3.70453
h(-1.946-x2),-30.5707
h(x5-1.211),3.33588
h(1.211-x5),-0.532744
h(x3-19.282),1.78614
h(19.282-x3),-0.0741039
h(x1-4.343),0.59688
h(4.343-x1),-140.033
