Basis,Coeff
(Intercept),26.7356
h(10.74-x0),-1.74632
h(x0-12.26),3.35581
h(x3-9.43),6.89357
h(x6-28.97),0.33861
h(28.97-x6),-0.678159
h(11.66-x3),-16.82
h(x3-12.6),-3.54246
h(12.6-x3),11.5899
x2,-13.6649
h(x1-11.65),-45.9985
h(11.65-x1),-2.07131
h(x3-7.66),-3.29847
h(10.13-x3),5.27732
h(34.74-x6),0.569543
h(23.32-x6),0.171118
