Basis,Coeff
(Intercept),2.36791e+13
h(x3-18.7689),-1.48584
h(18.7689-x3),-8.65912
x2,2.582
h(13.982-x0),303.408
h(x0-10.5133),2.10793e+13
h(10.5133-x0),-2.10793e+13
h(x0-9.39),-2.10793e+13
h(9.39-x0),2.10793e+13
h(x4-1.61667),1.8039
h(1.61667-x4),0.272178
