Basis,Coeff
(Intercept),23.0171
h(x0-11.754),5.20283
h(11.754-x0),-2.97015
h(x1-8.631),1.47687
h(8.631-x1),-2.07005
h(x4-29.968),0.0482426
h(29.968-x4),0.255954
h(1.07-x5),5.10326
