Basis,Coeff
(Intercept),10.518
h(x1-5.545),0.926539
h(5.545-x1),-2.62118
h(x3-17.674),1.09826
h(17.674-x3),-0.0739764
h(x6-274.184),0.0117183
h(274.184-x6),0.000939229
h(11.781-x0),5.75571
h(x0-10.708),11.0556
h(x0-11.15),-11.0215
h(x5-1.28),-0.639983
h(1.28-x5),-0.621318
h(x1-11.534),-136.43
h(x0-10.399),5.59254
h(10.399-x0),-8.89128
