Basis,Coeff
(Intercept),60.4504
h(11.074-x0),2.28963
h(x1-12.077),9.53915
h(12.077-x1),-1.15928
h(x6-179.308),0.00967403
h(179.308-x6),0.0225998
h(x3-23.533),1.53824
h(23.533-x3),-0.240549
h(x4-328.423),-0.0448899
h(x0-12.648),6.31715
h(0.875-x5),-5.02532
h(10.151-x0),2.38989
h(14.686-x0),-9.1049
h(38.821-x6),-0.0715477
h(1.712-x5),2.40403
h(x0-11.344),-7.01748
h(11.344-x0),2.50196
