Basis,Coeff
(Intercept),-65.5956
x3,10.5671
x2,1.85128
x0,-3.36177
h(x1-4),-0.00203739
h(4-x1),-2.89053
