Basis,Coeff
(Intercept),23.9252
h(8.287-x0),-13.7999
h(10.122-x0),2.126
h(x1-12.231),-34.6354
h(12.231-x1),-1.63224
h(7.3-x0),11.3918
h(x0-10.58),5.98202
h(x6-225.496),0.0131667
h(225.496-x6),0.00208663
h(x0-12.451),3.69677
h(x5-1.07),-0.851884
h(1.07-x5),-0.57114
h(x2-0.47),-5.75083
h(0.47-x2),0.855007
h(x3-4.331),0.114858
h(4.331-x3),0.124352
h(x0-11.173),-2.60844
