Basis,Coeff
(Intercept),20.1533
h(x0-7.41),2.83777
h(7.41-x0),-0.709618
h(x2-0.128),-4.24447
h(0.128-x2),1.52269
h(x3-16.49),1.0724
h(16.49-x3),-0.20388
h(x0-12.786),5.97462
h(x1-11.29),-14.5989
h(11.29-x1),-2.29448
h(x6-301.88),0.0286627
h(301.88-x6),0.00523206
