Basis,Coeff
(Intercept),-1.5098
h(6.967-x0),2.35661
h(x2-0.122),-17.9145
h(0.122-x2),15.7984
h(x3-16.342),1.18765
h(16.342-x3),-0.161589
h(x0-12.123),7.20872
h(12.123-x0),-2.64765
h(x1-11.324),-11.6927
h(11.324-x1),-1.9317
h(x6-203.48),0.00520814
h(203.48-x6),0.00908309
h(x2+2.096),14.9683
