Basis,Coeff
(Intercept),26.324
h(x0-13.78),8.05195
h(13.78-x0),-3.77594
h(x2+2.306),2.43236
h(-2.306-x2),27.931
x3,0.247136
x5,0.744898
