Basis,Coeff
(Intercept),56.3442
h(4.93-x1),1.40468
h(x2+1.797),1.01022
h(-1.797-x2),-50.3066
h(-1.9-x2),103.577
h(127.471-x4),-0.0497272
h(x0-7.374),3.86463
h(x4-263.727),0.206621
h(263.727-x4),-0.189959
h(x6-60.354),-0.00323279
h(60.354-x6),-0.0153687
h(8.451-x0),-1.0604
h(30.526-x4),0.046887
h(x4-49.472),-0.0267219
h(x4-9.652),-0.170734
h(5.668-x1),-1.28115
h(118.326-x4),0.0420951
h(x6-292.34),0.00762816
h(x1-7.213),0.98332
h(x4-344.883),-0.0410011
