Basis,Coeff
(Intercept),34.8451
h(13.474-x0),-0.742989
h(x3-13.214),0.219351
h(4.548-x1),-1.23628
h(x4-312.478),-0.0528685
h(312.478-x4),-0.00687024
h(x2+0.236),-4.77504
h(-0.236-x2),-0.237747
h(x6-185.39),0.00937665
h(185.39-x6),0.0129645
h(x3-19.787),1.21228
h(19.787-x3),-0.153828
h(x0-12.265),5.50164
h(12.265-x0),-2.42251
h(x1-11.318),-23.1625
h(11.318-x1),-1.33214
h(x1-10.961),8.39836
