Basis,Coeff
(Intercept),12.4204
h(x0-9.08),-8.4492
h(x1-9.11),-6.23389
h(9.11-x1),-2.84529
x5,8.91416
h(x0-7.49),7.06849
x4,-0.0333944
h(160.77-x6),0.0137421
