Basis,Coeff
(Intercept),22.7488
h(x0-10.552),4.83778
h(10.552-x0),-2.72819
h(x1-11.443),-12.4898
h(11.443-x1),-1.11006
h(x3-13.969),0.588662
h(13.969-x3),-0.0783524
h(x4-8.852),-0.012042
h(8.852-x4),-0.256878
