Basis,Coeff
(Intercept),199.215
h(x0-13.474),5.03511
h(13.474-x0),-6.0252
h(13.214-x3),0.0522609
h(x1-4.605),-23.6416
h(4.605-x1),19.9095
h(x2+0.196),-4.28215
h(-0.196-x2),0.44707
h(x3-18.205),1.29893
h(18.205-x3),-0.250303
x4,0.00766999
h(12.265-x0),2.71836
h(11.326-x1),-25.0046
h(x1-10.961),8.07201
