Basis,Coeff
(Intercept),24.811
h(x0-10.401),1.89162
h(x1-4.597),0.775333
h(4.597-x1),-3.27272
h(x3-4.852),0.245805
h(4.852-x3),-0.202134
h(x6-213.77),0.0735497
h(213.77-x6),0.00900476
h(x6-302.59),-0.254848
h(x5-1.37),1.49981
h(1.37-x5),-0.809084
h(x0-13.927),4.90825
h(13.927-x0),-2.77486
