Basis,Coeff
(Intercept),-32.1823
h(x0-6.966),7.49298
h(6.966-x0),-5.72858
h(x2-0.122),-15.1875
h(0.122-x2),12.4276
h(x3-16.377),1.15762
h(16.377-x3),-0.170736
h(12.163-x0),5.01472
h(x1-11.324),-11.9846
h(11.324-x1),-2.058
h(x6-291.82),0.0224731
h(291.82-x6),0.00630953
h(x2+2.002),11.7728
