Basis,Coeff
(Intercept),31.1359
h(x0-7.85),4.27811
h(7.85-x0),2.6684
h(26.87-x3),5.49742
h(x1-11.85),-244.261
h(11.85-x1),-0.841054
x5,0.97834
h(x4-272.37),-0.0439086
h(272.37-x4),-0.0156819
h(x6-29.86),0.00165527
h(29.86-x6),0.129508
h(x3-28.72),-1.14033
h(28.72-x3),-5.87713
h(x6-349.54),0.212924
