Basis,Coeff
(Intercept),2.85863
h(15.38-x0),-2.25477
x1,3.94463
h(x6-116.87),-0.0502119
h(x2-0.39),108.159
h(0.39-x2),9.80472
h(x4-47.42),-0.108439
h(x6-184.4),0.0843198
h(184.4-x6),-0.0332203
