,FOC_pred,FOC_act,stw,draft
0,35.354000291611975,0,12.6,10.6
1,35.354000291611975,0,12.6,10.6
