,FOC_pred,FOC_act,stw,draft
0,28.381339318826708,0,11.3,11.38
1,28.381339318826708,0,11.3,11.38
