,FOC_pred,FOC_act,stw,draft
0,29.79364795267962,0,12.3,11.38
1,29.79364795267962,0,12.3,11.38
