cluster,trError,acc,epoch,stdX,stdY,stdSTW,stdWS,nErr,nStdWs,nStdSTW,nValErr,nSTW_WS
1,1.7826242055177206,1.5511737139941437,30,109.20001325825069,3.183720034490954,1.4022132250580235,0.7611768581503285,0.0,0.0,0.0,1.0
2,1.89750897022615,1.5455496381310856,28,109.24902088476863,3.2182771788644926,1.4550956626090774,0.8109223513999352,1.0,1.0,1.0,0.0
