cluster,trError,acc,epoch,stdX,stdY,stdSTW,stdWS,nErr,nStdWs,nStdSTW,nValErr,nSTW_WS
1,10.182272704174629,25.136636112461293,3,77.48474294651177,11.225418592807364,6.967048561396505,2.363111695062625,0.3456594687249147,1.0,0.9766866069487891,0.5773771724675588
2,4.6531780769862365,37.958652554301004,15,113.0571139404493,8.06423448145022,4.5523863966922615,1.9264014137369285,0.027692736840076403,0.45692875251203086,0.4269625555313858,1.0
3,17.45471483417232,32.493133054234676,7,78.1862190059903,8.604972572952368,3.1304464094336666,2.3057223224795353,0.7638824894571278,0.13712636606591888,0.9044457650136976,0.8198525703403086
4,4.171631590764325,27.90950499640571,3,67.17566505818436,9.34685151657027,2.5207403175454313,2.3317701998772207,0.0,0.0,0.9372344244663937,0.6687729130224798
5,21.56054078391516,36.83846302925719,15,95.09409775000927,8.184200324934228,3.8523474576803993,2.3549608607073513,1.0,0.29948601561227456,0.9664264645252778,0.9630777525053374
6,8.555938860527554,7.619504721933919,2,83.2196208552429,6.910669255803718,3.1779986729541956,1.6800479652138753,0.25213239203584575,0.14782114045235292,0.11685669910035511,0.0
7,5.987635954078278,22.572764178107324,3,125.93359177550464,9.79567279333503,5.003211755421366,2.3816322571733783,0.10443463377387942,0.5583219385001061,1.0,0.4928701207692009
8,6.619507024977765,16.66552814021255,5,90.0628900666641,11.186445068823469,6.826201546984205,2.037599415985141,0.14077222481428633,0.9683227057847186,0.5669368563878838,0.29816339826881866
9,4.57438802574676,17.26282124741423,3,72.62958053299614,7.6145698418809316,4.680462316860171,1.5872149850898902,0.023161684871013832,0.4857337550318246,0.0,0.31785060604742543
