cluster,trError,acc,epoch,stdX,stdY,stdSTW,stdWS,nErr,nStdWs,nStdSTW,nValErr,nSTW_WS
1,2.603255596525663,2.994132055817539,4,103.39847050313442,2.8509660987820062,2.8148798181972716,0.7081243610847683,0.0,0.0,0.0,0.0
2,9.673015858447846,8.008821605272097,26,95.53804063957412,6.073203927168149,3.2817681287942535,1.0589434257724857,1.0,1.0,0.18815866659192684,0.16479593096094983
3,3.3953974097688158,33.423824829256475,31,100.16925473666768,10.239613872371995,3.0319957157677426,2.572609643862435,0.1120464886920761,0.4650274865371078,1.0,1.0
