cluster,trError,acc,epoch,stdX,stdY,stdSTW,stdWS,nErr,nStdWs,nStdSTW,nValErr,nSTW_WS
1,7.0101528269426625,6.9619975863084615,4,110.29325764367057,11.439517855984366,6.856405182688103,2.338109829490556,0.17164098217552373,1.0,0.9664605869872275,0.12980834244465772
2,24.295013427734375,28.79854393005371,39,83.3361506638861,0.8586501033599184,1.0304186851307904,0.2054847926246611,1.0,0.0,0.0,1.0
3,3.4286255103467735,3.704593471954205,30,111.73857905177589,6.650008968722986,3.5014090423820847,1.4675157371887795,0.0,0.4241325238716769,0.5719257470933374,0.0
4,9.313829680829741,9.242461619816773,39,47.685202726728676,11.632379796983777,6.414149945601876,2.4121190471202136,0.28204230620954424,0.9240892100811333,1.0,0.22068538618936842
