cluster,trError,acc,epoch,stdX,stdY,stdSTW,stdWS,nErr,nStdWs,nStdSTW,nValErr,nSTW_WS
1,25.064516282609155,26.166896055799743,21,101.87624614686334,6.756618348413702,1.5177221316132297,1.2151174854223041
2,26.745970316129824,24.024966385220825,12,96.70990016299818,8.804932257764351,2.203950710666916,1.6014670322928388
3,14.390777186636859,11.76378840488646,14,106.61331966539545,5.043842466019965,2.5145729188103374,1.3947687696037443
4,20.429701010063162,21.222074409165337,8,89.94188816299986,5.692503262924924,1.801914528974954,1.30489826078217
5,13.064277437298202,12.941396273526278,21,100.91242311483136,7.6193426727695845,2.258145006883334,2.1319944789727723
6,34.50218265561242,35.70645503303018,8,97.68916529411182,6.935790770671733,1.5262816496821925,1.251280161932251
7,7.302100637169803,6.332302403322515,29,87.09210878776034,5.081925370978628,2.517130504648417,2.540775369454595
