cluster,trError,acc,epoch,stdX,stdY,stdSTW,stdWS,nErr,nStdWs,nStdSTW,nValErr,nSTW_WS
1,6.467820921760016,6.712715325304257,19,110.05134693125056,11.258367605388973,6.585777425876515,2.3081559857979523,0.28872971311296525,1.0,0.9599798128415987,0.45690011066854785
2,2.7964561506386576,2.7085222920552514,33,111.89516073077121,5.4572722608032285,3.2818408650169313,1.1240227257467532,0.0,0.0,0.16766247322236977,0.0
3,9.606022560819635,9.441747825269754,35,47.46068133637585,11.501004466065757,6.425800657018599,2.367966912958162,0.5355295043142002,0.9515799513970407,1.0,0.7682974985813298
4,15.512032706782502,11.4723482131958,39,97.27603508551931,3.0654071266425618,6.3989273435419625,0.8734479862106184,1.0,0.943446225769559,0.0,1.0
