cluster,trError,acc,epoch,stdX,stdY,stdSTW,stdWS,nErr,nStdWs,nStdSTW,nValErr,nSTW_WS
1,131.53024291992188,55.308265686035156,39,59.82954236079397,11.712786858813747,2.2657855150035715,2.7387661455480274,1.0,0.0,1.0,1.0
2,18.81503229427747,19.54721282682326,30,38.966011129604794,9.542239683079284,4.62515535385524,2.0894415362759378,0.02324433556693424,0.6061868366149029,0.5576706580456714,0.1231433784889566
3,27.08037463392599,25.175813128686546,32,115.53727833706296,8.3972661154059,4.885063962929417,1.9516389486026748,0.09486927335410955,0.6729644884053224,0.4637975365672644,0.26115596620438014
4,16.132692918440974,14.525027033418661,33,66.10318352184379,10.486248434522174,4.882159589621576,2.3050745920775326,0.0,0.6722182752263468,0.7045630233038509,0.0
5,19.163302842798647,19.21580403494961,9,106.23201959611431,10.210052665192261,5.840666468568374,2.450931915535848,0.02626234200222432,0.9184849873180717,0.8039231476288193,0.11501727563830946
6,30.44657372205935,34.27694089058508,33,49.08730811825075,8.027176393663803,6.157935090581577,1.270799751089091,0.12403972877617148,1.0,0.0,0.48431450050863517
