cluster,trError,acc,epoch,stdX,stdY,stdSTW,stdWS,nErr,nStdWs,nStdSTW,nValErr,nSTW_WS
1,25.46356945459882,26.314658042030466,29,101.87624614686334,6.756618348413702,1.5177221316132297,1.2151174854223041
2,27.166627662833772,24.30740649110625,26,96.70990016299818,8.804932257764351,2.203950710666916,1.6014670322928388
3,14.657121758359988,12.34714733687005,10,106.61331966539545,5.043842466019965,2.5145729188103374,1.3947687696037443
4,20.33986614035225,20.994269717887075,15,89.94188816299986,5.692503262924924,1.801914528974954,1.30489826078217
5,14.101442588885744,13.01333941858465,14,100.91242311483136,7.6193426727695845,2.258145006883334,2.1319944789727723
6,33.17866532112367,34.55336467018359,21,97.68916529411182,6.935790770671733,1.5262816496821925,1.251280161932251
7,7.721971354404447,6.709891075331472,16,87.09210878776034,5.081925370978628,2.517130504648417,2.540775369454595
