cluster,trError,acc,epoch,stdX,stdY,stdSTW,stdWS,nErr,nStdWs,nStdSTW,nValErr,nSTW_WS
1,7.557841827129495,6.244791030883789,14,112.00341886397798,3.578554652663944,1.2783144681137775,0.826095828937286
2,504.5691833496094,511.0676574707031,29,43.917926871512456,0.7405336472062747,0.5097495739077899,0.14631563300895065
3,4.841550466225628,4.0716006235642865,29,108.56896341859166,2.228844724830505,0.8509088601116146,0.5687571650782215
