cluster,trError,acc,epoch,stdX,stdY,stdSTW,stdWS,nErr,nStdWs,nStdSTW,nValErr,nSTW_WS
1,25.46422172546387,36.448506332025296,29,64.86598227240422,12.61653871314927,1.7289300014004618,3.3892344717612333
2,27.1089130192241,25.385937594687853,27,115.43009257329342,8.33643383108542,4.892399424231411,1.9181991675646621
3,18.93348686302994,17.97764039243237,24,61.41290330656001,10.437607909066374,4.81156447496467,2.32420465517689
4,19.13375132396476,19.08715566769062,29,107.31246260338536,10.106074825753124,5.793936851659752,2.444222977819998
5,31.161175129102624,34.82209543579528,29,48.59915672349584,7.934435528857292,6.172410907751438,1.246246469047901
