cluster,trError,acc,epoch,stdX,stdY,stdSTW,stdWS,nErr,nStdWs,nStdSTW,nValErr,nSTW_WS
1,31.269928802970515,32.70107553005846,39,99.69400348492185,6.989240465154479,2.0965116125314984,1.2507668407720212,1.0,0.0,0.0,1.0
2,23.66889801054675,21.43617964180679,22,92.47285106632701,10.41337008263276,2.1248015221688306,3.4077464098396657,0.47951406319508827,0.03737840207727949,1.0,0.31017321589664076
3,20.78098086355576,21.256702995837575,31,92.28009065898344,5.861596570893747,2.1778037242966612,1.3062578242960585,0.2817619026374978,0.10740823418041676,0.0257262443834938,0.2991826307426563
4,19.63072397240036,18.354883883302463,34,106.04175198955187,5.6813035614948175,2.8533633789297252,1.3849987878103516,0.20299725190669643,1.0,0.062231441114832746,0.12148435760216346
5,16.666208980905893,16.371040008324048,27,101.10355155917269,8.224925782222632,2.5401936753205634,2.30430945015261,0.0,0.5862205553149442,0.4884342088766205,0.0
