cluster,clusterSize,trError,acc,epoch,stdX,stdY,stdSTW,stdWS,nErr,nStdWs,nStdSTW,nValErr,nSTW_WS
1,105,7.692697261941844,10.999868392944336,39,112.10676978766314,10.172668472742368,1.2749014995876322,2.285123720413486,1.0,0.0,0.603636654356626,1.0
2,616,5.297813213501424,4.031153097606841,39,124.720699898655,11.125268512070942,5.07572182173067,2.6370394080147443,0.5761695443090641,0.7874901218091355,0.8720191544133029,0.2331593955103553
3,4151,2.0421263407553574,1.9123014924208774,34,108.22533682839725,6.782738400512832,3.7517785699799178,1.4936071042616348,0.0,0.5131829606640562,0.0,0.0
4,1237,2.8408548901652733,2.695203218414885,38,122.91781813974019,12.152069776701186,3.4532888383613924,2.804853879021318,0.14135360135294112,0.4513390177284651,1.0,0.08615086244359986
5,9891,5.026627302460235,5.183477982896403,36,82.70214436279264,11.151595752840672,6.101400546218525,2.1051778007480997,0.5281768874919638,1.0,0.46640396625459735,0.3599617506295442
