cluster,trError,acc,epoch,stdX,stdY,stdSTW,stdWS,nErr,nStdWs,nStdSTW,nValErr,nSTW_WS
1,10.031354122973504,6.766655388698783,8,78.28056765492542,7.197975880930849,2.7172187246891712,2.1640899813923453,0.00024279891563064478,1.0,1.0,0.0
2,24.38648884967693,14.256806312523452,4,109.23709312050292,4.58246344676398,1.8331687128153404,1.1322553112091749,0.0008075119464186014,0.18182584392520795,0.4705741980270066,0.0003023485634739913
3,25424.088641826922,24779.998046875,9,121.87088171962718,0.8963209533431754,1.6367030358105594,0.21512061431981758,1.0,0.0,0.0,1.0
4,3.8593500158394196,19.069654821380368,9,108.98584762122236,3.341987731563184,1.8855666810599807,0.8673476313591958,0.0,0.23031932605041455,0.3346522670179591,0.0004966247332961859
