cluster,trError,acc,epoch,stdX,stdY,stdSTW,stdWS,nErr,nStdWs,nStdSTW,nValErr,nSTW_WS
1,18.705150674167903,76.36088659689088,7,99.93948445874987,10.045197044600245,2.497037424007227,0.9061763261752223,1.0,0.10363689384495658,0.0,1.0
2,17.730209385429248,13.730827494564219,39,102.7700995159776,6.623450224481414,2.4102389153827404,1.3252938773126408,0.9031056712014245,0.0,0.5483988623591721,0.0
3,8.643248178663045,20.530794378094235,6,103.37149737314067,8.563108075061452,3.2477640997474824,1.6704331106156662,0.0,1.0,1.0,0.10857353451351609
