cluster,trError,acc,epoch,stdX,stdY,stdSTW,stdWS,nErr,nStdWs,nStdSTW,nValErr,nSTW_WS
1,9.194137769287535,6.740436502320169,37,102.588081294892,3.4518245701024686,2.1543172803067403,0.5689193743418584,0.019905945549462102,0.7614896387204061,0.10569685466432953,0.01344481453529497
2,7.329834238688151,1.669594000807792,37,97.51614382120874,11.515319905364763,2.189037763311523,2.8146673463599456,0.014978282740344413,0.7763436532951324,0.776295047257957,0.0
3,8.300104490140589,155.59066549161585,4,103.80711817531756,2.1833518594258448,1.0224569542429618,0.34695472490739687,0.017542867613140462,0.27726049428166705,0.03941644627252395,0.4081058046371155
4,379.99727037217883,378.8293151855469,39,105.65268898377418,0.7774575320609094,1.7512379279213783,0.21495406451444232,1.0,0.5890454197192299,0.0,1.0
5,31.724317413015463,83.99346240527446,1,110.98982546782184,7.54253556217574,1.2039367549478701,0.512145064240389,0.07945693952169615,0.35490064705021535,0.08874359445250694,0.21827322426124893
6,1.6630371227264404,3.2765427243854353,35,86.22281198017535,1.4767951081824964,0.5386483989655046,0.46497016211498066,0.0,0.07027894594091845,0.07465679375391755,0.004260658371816255
7,29.191732999338097,13.242996123529249,38,96.54257630202149,14.623850376477462,2.7118227885727015,3.563826752841202,0.07276289972538852,1.0,1.0,0.030685678964781644
8,5.8895064837897,4.051513448582675,34,104.80209762651167,2.7831364500420017,0.4684428129700406,0.520335543754924,0.011171258082470593,0.040243799325585736,0.09118933672962747,0.0063154131101082756
9,16.84754194517613,12.512072375732158,13,110.99619403513675,4.450958829026764,0.3743750346261755,0.5180855013079142,0.0401351595705004,0.0,0.09051745617267085,0.02874771022967625
