cluster,trError,acc,epoch,stdX,stdY,stdSTW,stdWS,nErr,nStdWs,nStdSTW,nValErr,nSTW_WS
1,12.278667110286348,9.558042526245117,29,104.30983785455334,1.7930693016894679,0.8117219733279808,0.4567379933011851
2,2.9945808668394345,2.344788419894683,29,110.91574949217237,3.7872525176773015,1.0792556811317242,0.79666883462524
