cluster,trError,acc,epoch,stdX,stdY,stdSTW,stdWS,nErr,nStdWs,nStdSTW,nValErr,nSTW_WS
1,6.409027732290872,6.538082440694173,29,65.2960152136821,12.345671263950408,1.733654847603776,3.358393848442956
2,27.006007399514456,25.190557389679643,18,115.54455564068093,8.344175827190307,4.889993659052273,1.9195758816246946
3,18.50599546967495,17.883539110390043,21,62.21406092734633,10.481042932401941,4.838312924275718,2.3321843530026776
4,19.27543381361039,19.182087984523307,17,107.68518587484644,10.1228939366422,5.786827740036231,2.441589090650251
5,31.532959549745442,35.9249776507632,28,48.777757821285526,7.934375722120275,6.1736038233511845,1.250453736132482
