cluster,trError,acc,epoch,stdX,stdY,stdSTW,stdWS,nErr,nStdWs,nStdSTW,nValErr,nSTW_WS
1,1.8757030963897705,16.801172256469727,39,52.11907680024547,1.7676467407262122,1.1840963969811538,0.2412918924119704,0.0,0.0,0.0,0.3611653827128592
2,16.79009955767627,17.503379344940186,28,71.68575421500371,4.747728427402216,2.064601961695028,1.1894628947252153,0.5661238806344884,0.18575663236957657,0.4230778079691135,0.40255500184657433
3,22.112965655730246,21.39006813631468,30,54.894416614431876,9.62324379289664,5.583473561669549,1.9472711429670226,0.7681703810979835,0.9281184803206675,0.7612149707223127,0.631644926183101
4,28.220460792481052,27.63949853268151,31,113.92944552967958,8.187624385503447,5.030303625351163,1.9194093764711597,1.0,0.8114184972467532,0.7487829357133758,1.0
5,10.524487201860715,10.673720563044313,35,23.121350804342324,7.610568025464508,5.17361149535809,0.8914400213064072,0.328292414196474,0.8416515683269958,0.29009877390977945,0.0
6,18.362453123138028,18.628753158652234,39,102.11435224086513,10.892804092101784,5.924199366559346,2.482418664966454,0.6258076167158814,1.0,1.0,0.46888699179281046
7,14.881031767099257,17.108346793900676,18,53.88094184824621,6.451202899501598,4.058003671985321,1.3624907949906395,0.49365907330546677,0.606296380785143,0.5002835699922066,0.3792709206953015
