cluster,trError,acc,epoch,stdX,stdY,stdSTW,stdWS,nErr,nStdWs,nStdSTW,nValErr,nSTW_WS
1,6.5208414333557725,6.635969258004323,28,109.7663396769315,11.368115637990947,6.568535861281863,2.337333842953685,0.5619054492854587,1.0,1.0,0.5967194433571729
2,2.84503118279621,2.7545652791355435,37,111.9161808035477,5.857231804951196,3.242584169326563,1.2366682026690077,0.0,0.0,0.343391695399634,0.0
3,9.38671938894169,9.25913626651918,12,47.159155308289385,11.349716841813622,6.453869278261031,2.3203402228296937,1.0,0.9655236775392186,0.9898623599299867,1.0
4,3.7669686240118905,7.361294269561768,39,91.95629248022121,3.298057610169962,3.6864540759815507,0.6610442916745862,0.14093264798979288,0.13345651042635567,0.0,0.7082294895945489
