cluster,trError,acc,epoch,stdX,stdY,stdSTW,stdWS,nErr,nStdWs,nStdSTW,nValErr,nSTW_WS
1,4.755264174691562,14.299011780074897,5,79.42417680961347,11.92679795262358,6.464378643233227,2.152269106265891,1.0,1.0,1.0,0.40258435352152755
2,2.814760918227926,25.872551812666334,25,117.38867557324296,9.224550765123183,4.229394097746875,2.0398271127823655,0.379992445912439,0.2515099351001742,0.4454137866532696,1.0
3,1.6254583462458214,6.499875350620435,38,88.3886782786579,8.933657739441715,3.478387712564733,1.9495197576930547,0.0,0.0,0.0,0.0
