cluster,trError,acc,epoch,stdX,stdY,stdSTW,stdWS,nErr,nStdWs,nStdSTW,nValErr,nSTW_WS
1,12.818142608884699,5.964773255871391,3,95.19715507716842,4.782262274291951,2.880497270315173,1.2687483710483969,0.7061394437890844,1.0,0.08673389078870239,0.0
2,15.918237785181777,126.32159655912942,37,109.75318196801524,8.079073235800038,2.517682056145004,0.9696035092341074,1.0,0.0,0.0,1.0
3,5.3686927347327,13.056070792902393,25,88.21836879033702,8.218650829855346,2.6803639883406785,4.418599733132954,0.0,0.4483878454980468,1.0,0.05891894902512804
