cluster,clusterSize,trError,acc,epoch,stdX,stdY,stdSTW,stdWS,nErr,nStdWs,nStdSTW,nValErr,nSTW_WS
1,7074,3.0313298274621587,2.757382599393824,39,110.60831571099705,9.222468333908829,4.017062717648713,2.0855782258316484,0.0,0.0,0.0,0.0
2,8926,5.32354577571218,5.359269337534747,34,81.71099463376892,11.247626960282819,6.1583715028243935,2.087452801409064,1.0,1.0,1.0,1.0
