cluster,trError,acc,epoch,stdX,stdY,stdSTW,stdWS,nErr,nStdWs,nStdSTW,nValErr,nSTW_WS
1,698.7442626953125,351.4955749511719,1,109.2010535368391,3.183406363095001,1.4016664028302546,0.7608578890632359
2,17200.515625,14164.2392578125,1,109.24902088476863,3.2182771788644926,1.4550956626090772,0.8109223513999352
