cluster,trError,acc,epoch,stdX,stdY,stdSTW,stdWS,nErr,nStdWs,nStdSTW,nValErr,nSTW_WS
1,6.695459764600281,6.872002096368387,35,109.99014721452978,11.29268348886494,6.620943271162418,2.3117241841084346,0.5518695275908807,1.0,0.9708606271945233,0.30754946492211427
2,3.190976723375427,2.919261903905157,36,112.29446650286802,6.238856663213152,3.4115978960077,1.3453151878948955,0.0,0.23525339649844856,0.4322417160155819,0.0
3,9.54117883821813,9.253705321280298,32,47.587908002113124,11.493738999504318,6.431291062956385,2.3640070717656734,1.0,0.9548082661358499,1.0,0.4928618094626405
4,8.779560143092894,15.771634101867676,39,90.23105438888555,2.581917891800589,2.424330484050893,0.5697718970328718,0.8800638654720833,0.0,0.0,1.0
