cluster,trError,acc,epoch,stdX,stdY,stdSTW,stdWS,nErr,nStdWs,nStdSTW,nValErr,nSTW_WS
1,2.013155438287628,1.9910332568084137,31,94.6030354162837,4.875186048597953,4.88207807547342,0.9940759409139079,0.0,0.0,0.0,0.0
2,8.450096611590213,8.201222190861795,21,95.5310348056261,11.233643252972662,6.356468652861246,2.296275086337414,1.0,1.0,1.0,1.0
