cluster,trError,acc,epoch,stdX,stdY,stdSTW,stdWS,nErr,nStdWs,nStdSTW,nValErr,nSTW_WS
1,2.5565069036564436,2.7546412132974165,18,103.39847050313442,2.8509660987820062,2.8148798181972716,0.7081243610847683,0.0,0.0,0.0,0.0
2,9.913790249572969,9.607666109464807,12,95.53804063957412,6.073203927168149,3.2817681287942535,1.0589434257724857,1.0,1.0,0.18815866659192684,0.25759848438906
3,3.4725652253873287,29.35815525345391,15,100.16925473666768,10.239613872371995,3.0319957157677426,2.572609643862435,0.12451040399841609,0.4650274865371078,1.0,1.0
