cluster,trError,acc,epoch,stdX,stdY,stdSTW,stdWS,nErr,nStdWs,nStdSTW,nValErr,nSTW_WS
1,1.5859448691304612,2.086912298401473,39,92.88334073765789,1.3374863915324904,1.1758122784778575,0.33682063192420897,0.0,0.0,0.0,0.0
2,4.078722666949034,4.902722218957278,39,93.16236318199165,4.302865420863256,1.3398526564968474,0.7529439490937254,0.6240079629969584,0.11871317233905349,0.31820797284631247,0.09924418815571759
3,2.024374029685906,30.459454538735997,35,94.26161878029104,6.883807060940154,1.586411110131371,1.2321228403605573,0.10975037070535612,0.29714324273658305,0.6846343116968385,1.0
4,1.9360765256284374,3.4142531830483773,30,104.57129660927602,2.682106626395546,1.710869629076332,0.6171705991305985,0.08764717895965249,0.3872117111649242,0.21438259062020792,0.04678258555061558
5,5.580730105277717,6.798240243882598,22,109.58717603720405,8.13261763006112,2.5576334764699267,1.6445292774599227,1.0,1.0,1.0,0.16605237223978758
6,4.423470567288011,3.2798657607801314,37,81.63334249005248,2.121142118081689,1.7173283091102474,0.5989509439362778,0.7103074459377403,0.3918857457240266,0.20045008718641985,0.042046054677566065
7,1.789683508506781,2.440249904257352,39,88.8177344449104,1.38470638885733,1.3841965012369406,0.45509624387631054,0.051001149581901994,0.15080404256490432,0.0904449262118696,0.012453505324368602
8,2.0908495580077804,9.441582012585815,36,101.0871164886247,3.0368225270288534,1.5724746786494732,0.7593585513090512,0.12639094695470318,0.2870576893363683,0.32311319560921464,0.25921786112380557
9,4.919647270029881,9.575935200748281,37,110.62031966088715,8.519821138722788,1.2052486891204357,1.6091363903997433,0.8345135479960335,0.021302619098152762,0.9729351892097644,0.2639531854040341
