cluster,trError,acc,epoch,stdX,stdY,stdSTW,stdWS,nErr,nStdWs,nStdSTW,nValErr,nSTW_WS
1,71.55613861083984,74.62238311767578,24,119.75135825057214,8.529098897408925,2.0613311204099634,1.7395220484391727
2,2.762666277695572,2.356219850886952,18,77.03235408571102,8.630704033624085,3.5652360848104183,1.9682473249137735
3,8.521538604785055,12.673449516296387,29,112.81421043472203,3.5250884979764447,5.633139133366313,0.9322182104218233
4,2.691185650520533,3.0558183625646773,16,111.84866898372273,6.966234866188442,4.37481650188758,1.6862809932226448
