cluster,trError,acc,epoch,stdX,stdY,stdSTW,stdWS,nErr,nStdWs,nStdSTW,nValErr,nSTW_WS
1,12.682959613890201,6.255689576980113,2,95.19715507716842,4.782262274291951,2.880497270315173,1.2687483710483969,0.6501173402548537,1.0,0.08673389078870239,0.0
2,16.73405071523686,129.62740995928246,36,109.75318196801524,8.079073235800038,2.517682056145004,0.9696035092341074,1.0,0.0,0.0,1.0
3,5.155622952347824,12.450407098359568,27,88.21836879033702,8.218650829855346,2.6803639883406785,4.418599733132954,0.0,0.4483878454980468,1.0,0.05021181111995003
