cluster,trError,acc,epoch,stdX,stdY,stdSTW,stdWS,nErr,nStdWs,nStdSTW,nValErr,nSTW_WS
1,29.653567242126098,25.527030712611328,1,99.93948445874987,10.045197044600245,2.497037424007227,0.9061763261752223,1.0,0.10363689384495658,0.0,1.0
2,17.382469824758427,9.232802250938958,1,102.7700995159776,6.623450224481414,2.4102389153827404,1.3252938773126408,0.18956695844494306,0.0,0.5483988623591721,0.11833149224357807
3,14.512159145262329,7.045902807593802,3,103.37149737314067,8.563108075061452,3.2477640997474824,1.6704331106156662,0.0,1.0,1.0,0.0
