cluster,trError,acc,epoch,stdX,stdY,stdSTW,stdWS,nErr,nStdWs,nStdSTW,nValErr,nSTW_WS
<<<<<<< HEAD
1,29.653567242126098,25.527030712611328,1,99.93948445874987,10.045197044600245,2.497037424007227,0.9061763261752223,1.0,0.10363689384495658,0.0,1.0
2,17.382469824758427,9.232802250938958,1,102.7700995159776,6.623450224481414,2.4102389153827404,1.3252938773126408,0.18956695844494306,0.0,0.5483988623591721,0.11833149224357807
3,14.512159145262329,7.045902807593802,3,103.37149737314067,8.563108075061452,3.2477640997474824,1.6704331106156662,0.0,1.0,1.0,0.0
=======
1,12.818142608884699,5.964773255871391,3,95.19715507716842,4.782262274291951,2.880497270315173,1.2687483710483969,0.7061394437890844,1.0,0.08673389078870239,0.0
2,15.918237785181777,126.32159655912942,37,109.75318196801524,8.079073235800038,2.517682056145004,0.9696035092341074,1.0,0.0,0.0,1.0
3,5.3686927347327,13.056070792902393,25,88.21836879033702,8.218650829855346,2.6803639883406785,4.418599733132954,0.0,0.4483878454980468,1.0,0.05891894902512804
>>>>>>> 6012680ce53a1390d634b355261b600a81f9a01b
