cluster,trError,acc,epoch,stdX,stdY,stdSTW,stdWS,nErr,nStdWs,nStdSTW,nValErr,nSTW_WS
1,24.03441619873047,22.822507858276367,44,101.07271865913572,7.632414925432377,3.78723706645124,1.5177849446249387
2,27.06669044494629,26.94297218322754,43,92.84183604451994,9.442403719783899,2.7943068290523154,2.6593889615336805
