MAE,STW
16.740133895874024,8.04
13.497797879596684,8.54
11.951310209467573,9.04
7.160215406677677,9.54
5.884006794080094,10.04
4.491501175836222,10.54
2.973998826690936,11.04
8.699912643432617,11.54
9.270000457763672,12.04
10.08096694946289,12.54
