Basis,Coeff
(Intercept),-52.4923
h(15.42-x0),-16.299
h(x5-3.62),3.7369
h(3.62-x5),1.81988
h(188.71-x6),-0.0581524
x3,0.333251
h(x0-12.5),-11.8013
h(88.9-x4),0.0626845
h(230.32-x4),-0.0271855
h(x4-27.45),0.328029
h(27.45-x4),-0.4695
h(349.77-x4),0.343972
h(x6-163.28),0.0123457
h(163.28-x6),0.0908901
x1,2.61467
h(215.14-x6),0.0472763
h(128.5-x6),-0.0953653
