Basis,Coeff
(Intercept),139.798
x0,3.00797
h(x6-103.76),0.333962
x1,-13.3406
h(x2-0.7),166.027
h(0.7-x2),9.00524
h(x0-13.29),10.2702
x5,0.419104
h(x4-0.17),0.00103135
h(0.17-x4),9.28739
h(1.26-x6),1.96087
x3,0.172586
h(x6-102.11),-0.323004
h(102.11-x6),0.0126551
h(x4-358.75),0.868767
