Basis,Coeff
(Intercept),-11.2947
h(x2-0.56),-190.897
h(0.56-x2),8.6531
x5,0.365566
h(44.88-x4),-0.0934152
h(16.93-x4),0.202459
h(x0-12.35),6.56413
h(12.35-x0),0.403215
h(x6-141.96),0.00567253
h(141.96-x6),0.00941145
x1,3.4377
h(x4-32.77),-0.00655375
