Basis,Coeff
(Intercept),40.705
h(9.78-x0),3.43633
h(x4-321.18),-0.0349446
h(x1-5.06),275.876
h(5.06-x1),0.852618
h(x6-55.66),-0.127995
h(x6-202.54),0.12867
h(202.54-x6),-0.591516
h(29.39-x6),0.221774
h(12.75-x0),14.8559
h(21.42-x4),0.0527625
x3,0.224738
h(x4-275.65),0.0526953
h(344.86-x4),0.0953198
h(198.87-x6),0.49033
h(313.57-x4),-0.0969148
h(13.01-x0),-18.212
