Basis,Coeff
(Intercept),-0.11534
h(x0-9.34),2.88618
h(9.34-x0),-4.50722
h(x6-145.1),-0.380183
h(145.1-x6),0.181777
h(x1-12.38),-358.762
h(12.38-x1),-4.80139
h(x2-0.75),188.553
h(0.75-x2),3.13096
h(x4-249.62),0.0295284
h(x6-9.28),0.233266
h(x3-7.52),11.166
h(x6-165.3),0.133333
h(x4-145.73),1.27531
h(x4-131.82),-0.281788
h(x4-147.96),-0.965939
h(x4-184.19),-0.0360375
h(x4-336.88),-0.0835425
