Basis,Coeff
(Intercept),-943.876
h(x4-62.45),-0.438586
h(x0-12.67),6.11069
h(12.67-x0),-6.80112
x5,5.91487
h(x1-11.57),6.13099
h(11.57-x1),455.602
h(x6-75.01),3.12564
h(75.01-x6),-2.79659
h(33.18-x6),-0.519938
h(311.97-x6),-0.43854
h(x3-18.13),88.9071
h(18.13-x3),-0.556559
h(180.47-x6),0.0769653
h(x4-28.72),0.51013
h(343.43-x6),3.73041
h(x4-353.82),1.14361
h(353.82-x4),0.120161
x2,2.96949
h(x6-342.23),-3.06873
h(x6-22.11),0.277989
