Basis,Coeff
(Intercept),32.3353
h(x1-12.14),-372.875
h(12.14-x1),-1.779
h(64.48-x6),0.0348357
h(x0-7.13),2.72164
h(264.48-x4),0.0252011
