Basis,Coeff
(Intercept),-4.29687
h(x0-6.23),3.7057
h(6.23-x0),2.94621
h(x1-12.32),702.15
h(12.32-x1),-1.18195
h(x3-2.2),1.47132
h(x6-186.21),1.2013
h(186.21-x6),-0.865864
h(x6-211.22),-0.221935
h(x6-176.47),-1.13794
h(x4-335.5),-0.956955
x5,1.38033
h(16.19-x6),-0.339326
h(x3-14.98),-0.934482
h(14.98-x3),1.35511
h(x6-156.75),0.130546
h(179.64-x6),0.881898
