Basis,Coeff
(Intercept),0.00725583
h(x2-0.7),89.0511
h(0.7-x2),-3.95089
h(x3-13.19),0.314785
h(13.19-x3),-0.11958
x1,-0.892219
h(15.59-x4),-0.797686
h(x0-6.89),12.395
h(x0-8.83),-9.75925
h(8.83-x0),5.93971
h(53.86-x6),0.0654152
x5,3.88831
