Basis,Coeff
(Intercept),-22.1475
h(11.81-x0),8.16938
x5,2.145
h(x0-7.18),8.39125
h(7.18-x0),-10.508
h(300.94-x6),0.189088
h(322.51-x6),-0.185586
h(x6-283.13),-0.0463821
h(x4-331.69),-0.0259696
h(331.69-x4),0.00196323
x2,-0.824988
h(20.9-x3),-0.176175
