Basis,Coeff
(Intercept),32.4373
h(9.9-x0),6.30042
h(x1-4.54),1.07807
h(x0-8.66),-9.26473
h(2.14-x3),-0.642543
h(x0-12.9),7.85427
h(x0-13.85),6.72952
h(13.85-x0),-22.6678
h(x6-26.14),0.671035
x5,-0.614636
h(40.54-x6),-0.336996
h(x6-14.98),-0.322959
h(x6-149.48),-0.338621
h(149.48-x6),0.254617
h(178.57-x6),0.0946584
h(14.03-x0),10.567
