Basis,Coeff
(Intercept),25.1995
h(x0-9.58),-3.90201
h(9.58-x0),4.90581
x1,1.28979
h(x3-16.1),0.215123
h(16.1-x3),2.25485
x5,-0.903953
h(x6-83.18),0.0374759
h(83.18-x6),-0.129071
h(176.62-x6),0.0749571
h(12.36-x0),-7.10255
h(16.95-x3),-2.37869
h(x6-196.12),-0.0395246
