Basis,Coeff
(Intercept),-9.85225
h(x0-4.41),2.87621
x1,1.37194
x5,1.34875
h(x6-165.72),0.0203728
h(165.72-x6),-0.00429046
x3,0.118918
h(x4-36.44),0.0115168
h(36.44-x4),0.0297161
