Basis,Coeff
(Intercept),27.3379
h(x0-10.63),25.3066
h(x2-0.65),279.243
h(0.65-x2),3.24707
h(x4-46.72),0.315708
h(10.92-x0),-24.3985
h(275.24-x6),0.0875285
h(x0-7.88),-21.8525
h(7.88-x0),13.0731
h(x6-48.01),-0.195908
h(24.12-x4),-0.378927
x1,9.46238
h(x4-74.39),-0.32051
h(74.39-x4),0.225402
h(340.6-x6),-0.254514
h(x3-12.04),-23.8915
h(12.04-x3),-0.174701
h(31.1-x6),0.119065
