Basis,Coeff
(Intercept),33.6238
h(x0-13.67),4.5554
h(13.67-x0),-6.19966
h(166.1-x6),0.0467596
h(x4-271.33),-0.0734051
h(271.33-x4),-0.0276357
h(237.15-x6),0.662146
h(x6-192.43),0.0552548
h(192.43-x6),-0.158258
h(243.2-x6),-0.540566
h(13.73-x4),0.0754743
x2,-1.41921
