Basis,Coeff
(Intercept),-185.667
h(15.34-x0),-4.51735
h(x5-3.2),2.24264
h(3.2-x5),2.0213
h(x6-224.99),0.130682
x3,0.36422
x1,4.14704
h(x4-88.07),0.0604583
h(x4-233.46),-0.0332989
h(x4-26.66),0.59636
h(26.66-x4),-0.756413
h(352.43-x4),0.645811
h(162.75-x6),0.116487
h(x6-132.77),-0.106983
h(208.07-x6),-0.128166
