Basis,Coeff
(Intercept),25.4797
h(x0-8.27),4.32758
h(8.27-x0),-0.519621
h(x3-27.97),0.791345
h(27.97-x3),-0.349388
h(x1-11.88),-460.426
h(11.88-x1),-0.817429
h(22.22-x6),0.252009
h(x4-264.92),-0.0342248
h(264.92-x4),-0.0146114
h(x5-4.38),12.7747
h(4.38-x5),-0.857613
h(x6-274.26),0.014388
