Basis,Coeff
(Intercept),22.5121
h(x1-11.49),5.07191
h(11.49-x1),-2.62175
h(x6-290.82),0.316071
h(290.82-x6),0.00686001
h(x3-6.42),0.118243
h(x0-11.24),5.61394
