Basis,Coeff
(Intercept),14.3844
h(x0-8.78),4.05271
x1,2.42007
x6,-0.0830036
x5,-1.88512
x3,0.42276
h(12.95-x0),-1.46495
