Basis,Coeff
(Intercept),144.94
h(x0-8.31),0.88559
h(x1-4.7),2.28996
h(4.7-x1),-6.15426
h(x2+2.7),-62.3575
h(12.15-x0),5.94375
h(89.39-x6),0.204846
h(x6-172.61),-0.153827
h(221.61-x6),-0.150484
h(x6-94.7),0.378682
h(94.7-x6),-0.725616
h(298.53-x4),0.0895063
h(11.02-x3),0.846167
h(13.05-x0),-7.17676
h(318.01-x6),0.273362
h(179.04-x6),0.327326
h(x5-2.23),-17.3106
h(2.23-x5),-0.50387
h(0.52-x2),-60.0142
h(x3-1.23),0.880279
