Basis,Coeff
(Intercept),-57.113
h(x0-10.09),2.13465
h(x6-26.86),-9.17987
h(26.86-x6),9.17106
h(x6-281.56),0.0967676
h(x6-237.33),-0.0427506
x2,-6.75961
x1,-13.7264
h(x6-0.46),9.02916
h(x4-0.46),0.352401
h(0.46-x4),2.29035
h(9.48-x4),-0.160887
h(144.52-x4),0.355315
h(x4-116.47),0.315843
h(x4-138.42),-0.558642
h(348.07-x6),-0.152179
h(x4-105.38),-0.114057
x5,-0.353472
