Basis,Coeff
(Intercept),-128.483
h(12.96-x1),-1.0963
h(14.19-x0),16.9074
h(x4-122.97),-0.243215
h(122.97-x4),-0.0716589
h(x4-166.3),0.136513
x5,2.10056
h(x6-327.43),4.8431
h(x6-329.62),-4.94316
h(329.62-x6),0.0702364
h(x6-82.7),0.225218
h(243.86-x6),-0.0956444
h(x6-44.02),-0.223694
h(x0-4.95),18.7746
h(4.95-x0),-41.8377
h(0.56-x4),13.7113
h(x4-196.86),0.158255
h(x2+2.81),-1.17394
h(-2.81-x2),-15.1268
h(4.59-x0),23.6875
