Basis,Coeff
(Intercept),-9.90422
h(x2+1.64),7.89755
h(x1-5.05),2.94163
h(5.05-x1),-8.04988
h(x3-6.53),0.346384
h(x0-11.12),1.85327
h(x2-0.59),24.7011
h(0.59-x2),12.6998
h(x5-3.03),11.4609
h(x0-8.95),-5.06686
h(x0-9.92),6.65997
h(9.92-x0),-3.33903
