Basis,Coeff
(Intercept),153.56
h(x0-4.78),-26.9437
h(4.78-x0),33.7333
h(0.07-x2),-28.3278
h(9.41-x0),-32.8218
h(x2-0.68),90.0479
h(0.68-x2),24.8626
h(x6-20.99),0.12726
h(x1-12.66),47.3754
h(12.66-x1),8.03438
h(329.46-x6),-0.0447205
h(x5-2.67),2.97325
h(2.67-x5),-0.775983
h(x6-155.07),-0.0288402
h(x6-7.94),-0.140383
h(x4-108.36),-0.00348005
h(108.36-x4),-0.00788859
h(98-x6),0.0230522
