Basis,Coeff
(Intercept),17.5453
h(9.64-x3),0.681679
h(-0.75-x2),-15.5616
h(12.35-x1),-2.14152
x5,0.593275
h(x6-358.78),1.63655
h(358.78-x6),0.0219959
h(x3-3.77),0.504512
h(3.77-x3),-1.82153
h(x0-9.94),3.48085
h(9.94-x0),-5.26457
h(x2-0.55),118.036
h(0.55-x2),11.0881
