Basis,Coeff
(Intercept),12.7616
x3,0.76842
h(x0-8.81),2.32575
h(320.87-x4),-0.0316876
h(x6-189.83),0.0304168
h(x2-0.67),84.2537
h(0.67-x2),-0.90463
h(x4-25.47),0.304478
h(25.47-x4),-0.155658
h(x6-103.91),-0.253222
h(103.91-x6),0.10784
h(x6-31.06),0.147275
x5,0.941196
h(x6-139.92),0.0984851
h(x4-8.11),-0.330514
