Basis,Coeff
(Intercept),27.2339
h(x6-284.13),-0.0765818
h(325.53-x4),1.08143
h(x0-7.09),1.05983
h(135.81-x6),0.146794
h(x4-343.87),1.19988
h(343.87-x4),-0.735746
x5,1.35162
h(289.59-x6),0.0773052
h(113.95-x6),-0.143583
h(x6-52.39),0.106893
h(43.51-x4),0.163368
h(x6-299.25),0.0880469
h(x4-89.35),0.0945118
h(x4-322.31),-1.06123
h(329.24-x4),-0.435693
h(5.02-x1),-0.378458
h(x4-81.98),-0.0755409
h(x4-26.53),-0.063724
