Basis,Coeff
(Intercept),5.29019
h(29.32-x3),-1.18658
h(x2+0.58),16.8457
h(x0-10.96),-2.7649
h(10.96-x0),-3.51376
h(x4-323.11),-0.971245
h(30.82-x4),0.199817
h(x4-13.84),0.103816
h(13.84-x4),-0.391335
h(12.32-x1),23.8849
