Basis,Coeff
(Intercept),66.213
h(x1-12.47),-532.936
h(12.47-x1),18.0761
h(x2+0.12),-55.3268
h(-0.12-x2),1.77127
h(x0-12.99),23.0325
h(12.99-x0),-0.891056
h(x4-130.04),-0.376119
h(130.04-x4),0.347838
h(102.21-x6),0.615578
h(x6-186.82),0.542522
h(186.82-x6),-0.702375
h(272.19-x6),0.122855
h(x6-88.88),-0.272016
h(298.19-x4),-0.180678
h(x4-241.26),0.0453455
h(x6-110.3),-0.222621
h(x4-306.45),0.12742
h(x4-20.9),-0.128935
h(47.79-x6),-0.0353353
h(x4-6.98),0.31142
