Basis,Coeff
(Intercept),12.4162
h(x0-8.46),4.42304
h(8.46-x0),-2.09242
h(x1-11.49),17.5377
x3,0.266846
h(286.43-x6),0.0340675
x2,2.74264
h(349.11-x6),-0.0314822
