Basis,Coeff
(Intercept),-7.98851
x1,2.6386
h(x0-5.1),-12.6506
h(5.1-x0),3.13344
h(x4-318.03),-0.0452247
h(318.03-x4),-0.00601847
h(97.13-x6),-0.0588865
h(x2+2.65),4.89257
h(-2.65-x2),-22.2222
h(x6-182.87),0.161994
h(157.69-x6),-0.248264
h(x6-222.7),-0.0593928
h(x0-4.14),16.3224
x5,-0.482876
h(-0.19-x2),6.23626
h(x6-147.93),0.152392
h(x6-16.81),-0.265817
h(16.81-x6),0.368164
