Basis,Coeff
(Intercept),4.78752
h(x2+1.98),47.7744
h(-1.98-x2),27.4532
x5,-0.461005
x0,0.734598
