Basis,Coeff
(Intercept),-0.2194
h(x0-4.59),3.74652
h(4.59-x0),15.4644
h(x1-11.9),20.5663
h(x3-19.93),1.51663
h(19.93-x3),-0.0893816
x2,3.41906
h(75.56-x6),-0.103674
h(x1-12.39),-190.319
h(12.39-x1),0.154912
h(x6-160.42),0.00528419
h(160.42-x6),0.0478336
