Basis,Coeff
(Intercept),-52.7025
x0,2.50761
h(179.99-x6),0.0233523
h(x2+1.77),8.21274
h(-1.77-x2),10.5406
x1,9.06098
h(x4-222.81),-0.0179979
h(222.81-x4),-0.0117143
h(2.2-x4),0.389156
