Basis,Coeff
(Intercept),77.6076
h(x0-13.13),3.44837
h(x1-12.39),-239.413
h(12.39-x1),-1.12337
h(x6-313.15),0.25615
h(313.15-x6),-0.146624
h(x0-9.68),24.8578
h(9.68-x0),-13.318
h(13.4-x3),0.652635
h(7.46-x0),12.3483
h(x6-46.89),-0.161066
h(117.86-x6),0.0464879
h(x0-8.45),-20.3737
h(x0-15.03),-20.8396
h(x3-1.55),0.699346
h(1.55-x3),-3.58075
