Basis,Coeff
(Intercept),27.1151
h(x0-10.62),7.28811
h(10.62-x0),-0.542078
h(x6-304.13),-0.491473
h(304.13-x6),0.594318
h(x4-57.01),0.253927
x5,1.11731
h(323.3-x6),-0.480929
x2,-0.553481
h(285.36-x6),-0.22498
h(x4-30.62),-0.216404
h(x6-289.06),0.150915
