Basis,Coeff
(Intercept),15.9093
h(176.6-x6),0.0127334
h(x0-7.8),4.89757
h(329.95-x4),-0.0829728
h(x2+0.85),1.40046
h(-0.85-x2),10.9825
h(x1-5.04),-53.2831
h(5.04-x1),-14.6232
x3,0.10429
h(x6-101.12),-0.00174166
h(101.12-x6),-0.0223972
h(x4-159.88),0.0569413
h(250.12-x4),0.327482
h(273.46-x4),-0.242022
h(x4-305.77),0.118331
h(x4-219.35),-0.210189
