Basis,Coeff
(Intercept),0.413384
h(x0-9.31),3.87122
x1,1.22257
h(x3-14.49),0.539235
h(14.49-x3),-0.08711
h(x0-7.66),7.25779
h(x0-8.52),-8.12325
x4,0.000665846
