Basis,Coeff
(Intercept),43.7709
h(x0-8.25),-12.4438
h(x6-190.42),0.0235122
h(190.42-x6),0.0175276
x1,1.12575
h(x0-10.6),16.3031
h(10.6-x0),-9.88336
h(7.51-x0),11.628
h(x3-1.37),0.314006
h(13.55-x0),-2.35374
