Basis,Coeff
(Intercept),-10.7026
x0,3.80149
h(11.65-x1),0.10685
h(x3-24.59),1.61068
h(24.59-x3),-0.40464
x5,1.30555
h(x2-0.72),-3.41904
h(0.72-x2),-2.64463
h(x6-17.55),0.0174855
h(17.55-x6),0.338675
h(x4-275.65),-0.0208341
h(275.65-x4),-0.00679034
h(x6-124.38),-0.0218536
