Basis,Coeff
(Intercept),262.697
h(x0-12.39),6.52366
h(12.39-x0),-3.40525
h(x6-284.56),0.117887
h(303-x4),-0.38421
h(x4-229.76),0.379535
h(x4-320.23),0.387947
x1,-7.74855
x2,-4.02804
x5,0.527335
h(x4-36.39),-0.616735
h(36.39-x4),0.689227
h(213.09-x4),-0.244081
h(x6-296.09),-0.113906
h(x4-267.31),-0.141538
x3,0.170088
h(x4-172.36),0.021093
