Basis,Coeff
(Intercept),27.4286
h(x0-15.41),-8.53446
h(15.41-x0),-4.98653
h(x5-3.62),4.68844
h(3.62-x5),1.75204
h(x6-196.92),-0.0361701
h(196.92-x6),0.0354026
x3,0.261444
h(238.55-x4),-0.0304636
x1,3.96185
h(x4-100.56),0.103737
h(100.56-x4),-0.0621498
h(87.59-x6),-0.0885089
h(x4-27.36),-0.124786
h(x4-349.77),0.318154
h(x6-172.28),0.0403518
