Basis,Coeff
(Intercept),-137.69
h(12.24-x0),-0.88423
h(x6-271.44),0.106431
x5,-2.06123
h(x6-138.71),0.923303
h(138.71-x6),-0.980736
h(x1-11.48),213.266
h(11.48-x1),4.49544
h(352.71-x6),0.738499
h(x6-239.73),-0.0410531
h(178.91-x6),0.228188
h(x6-183.53),-0.194287
