Basis,Coeff
(Intercept),48.4502
h(7.29-x3),2.42923
h(x0-9.66),-18.5394
h(9.66-x0),-9.02754
h(x2+0.89),-2.26868
h(-0.89-x2),-2.55857
h(x4-18.53),-0.313805
h(18.53-x4),0.603255
h(13.15-x0),11.1738
h(11.83-x1),-0.523447
x5,1.28497
h(x6-13.11),-0.0901145
h(13.11-x6),0.101687
h(x3-17.26),4.2432
h(17.26-x3),-6.01174
h(x3-4.82),-1.99519
h(27.01-x3),3.20932
h(14.02-x0),-10.1273
h(45.67-x4),-0.411588
h(x0-9.41),31.658
h(x0-8.36),-11.6187
h(x3-18.64),1.08885
