Basis,Coeff
(Intercept),95.4551
h(12.61-x0),0.663757
h(17.41-x3),0.837118
h(x1-11.19),-3.13037
h(11.19-x1),-1.51657
h(x0-11.13),3.84041
h(x2-0.66),49.8884
h(0.66-x2),3.56396
h(180.81-x6),0.0984188
h(x3-27.54),4.03416
h(x6-311.58),0.173444
h(311.58-x6),-0.309719
h(x3-10.58),0.967249
h(10.58-x3),-0.585671
h(x3-22.76),-0.726078
h(x6-168.45),-0.061732
h(x3-30.01),-4.15769
h(x6-342.15),0.188771
h(x6-11.3),-0.220476
x4,0.0329674
x5,0.151561
