Basis,Coeff
(Intercept),18.4918
h(x0-9),4.40588
h(9-x0),-1.41275
h(x3-17.68),1.09991
h(17.68-x3),-0.182598
h(x1-11.82),-89.6409
h(11.82-x1),-1.12067
h(x3-24.28),-2.29427
h(x6-22.22),0.0260227
h(22.22-x6),0.102467
h(x4-36.75),-0.0776774
h(36.75-x4),-0.0580963
h(x6-117.46),-0.065547
x5,0.774844
h(x6-195.62),0.080694
h(x4-58.78),0.0819774
