Basis,Coeff
(Intercept),67.3487
h(6.22-x0),2.05478
h(21.97-x3),2.88313
h(x4-350.92),-3.55666
h(350.92-x4),3.89673
h(-2.15-x2),-10.5128
h(x6-334.62),0.110553
h(x1-11.65),9.29616
h(11.65-x1),-0.747213
h(x0-10.43),4.60115
h(10.43-x0),-3.21717
h(x3-26.27),-1.72704
h(26.27-x3),-3.02675
h(14.1-x3),-0.42621
h(359.01-x4),-3.79529
