Basis,Coeff
(Intercept),48.0663
h(x0-11.24),-6.21731
h(x0-10.96),5.71126
x2,-16.6883
h(x6-289),0.0317617
h(x1-11.62),-78.6921
h(x6-151.94),-0.0622917
h(x4-64.7),-0.0913744
h(64.7-x4),-0.0693605
h(270.21-x6),0.0548545
h(x4-98.21),0.0881164
h(342.59-x6),-0.0791058
