Basis,Coeff
(Intercept),4.05114
h(x0-8.81),5.63123
x1,2.72238
x6,-0.0865435
h(x3-1.45),0.267824
h(1.45-x3),2.01812
h(x0-14.51),-5.73646
