Basis,Coeff
(Intercept),10.3255
h(x0-7.41),3.18966
h(7.41-x0),-2.34367
x2,2.81305
h(x6-197.64),0.0125406
h(x0-11),3.87929
