Basis,Coeff
(Intercept),-27.397
h(x0-8.4),-23.9
h(x2+1.72),3.41864
h(9.96-x0),10.8519
h(x0-7.25),27.9637
h(7.25-x0),-11.192
h(x0-13.46),2.25707
x1,0.22586
