Basis,Coeff
(Intercept),54.3378
h(283.41-x4),0.0959422
x0,3.04298
x5,3.40489
h(x1-5.05),360.833
h(5.05-x1),6.67542
h(343.4-x4),-8.96892
h(x6-148.01),0.339313
h(x4-330.68),-8.34397
h(330.68-x4),8.88038
h(x4-343.81),7.97126
x2,-1.26714
h(196.67-x6),-0.110032
h(x6-77.65),-0.0622318
h(288.67-x6),0.282132
x3,0.359461
h(136.56-x6),-0.183707
h(x6-283.09),-0.220247
