Basis,Coeff
(Intercept),-13.7272
h(15.66-x0),-4.04634
h(188.58-x6),-0.174018
h(x6-212.51),-1.22119
h(212.51-x6),1.31617
h(x4-314.62),-0.0647361
h(12.99-x0),-18.1614
h(x1-4.9),-318.795
h(x6-170.1),-1.7929
h(x6-141.98),-0.0699848
h(x5-3.62),-5.7996
h(3.62-x5),-0.574865
h(x6-167.89),3.06229
h(165.28-x6),-1.14868
h(133.34-x4),-0.0217856
h(x6-230.23),0.0581693
