Basis,Coeff
(Intercept),-4.42685
x0,2.6022
h(x1-11.64),0.833857
h(11.64-x1),-1.98329
x5,2.18891
h(x2-0.61),-51.957
h(0.61-x2),2.16363
h(x4-36.44),0.0334986
h(36.44-x4),0.0514923
h(x6-243.29),0.0946515
h(243.29-x6),-0.0168747
x3,0.0620256
