Basis,Coeff
(Intercept),-160.075
h(x0-12.41),9.79684
h(12.41-x0),-2.83762
x5,-1.21465
h(-1.13-x2),0.587211
h(x4-116),0.286826
h(x4-43.23),0.214378
x3,-0.117411
h(x1-5.03),450.775
h(x4-341.24),0.0743475
h(142.81-x6),0.0299188
h(x6-191.83),0.0916767
h(166.98-x6),-0.0722971
h(x6-201.54),-0.0978614
h(201.54-x6),0.0381193
h(98.69-x4),-0.441741
h(x4-32.26),-0.0784679
h(x4-2.32),0.291927
h(356.76-x4),-0.235287
h(x4-322.5),-0.981853
h(322.5-x4),0.957726
