Basis,Coeff
(Intercept),18.2361
h(x0-10.636),5.00748
h(10.636-x0),-2.81993
h(x1-4.594),0.710772
h(4.594-x1),-3.91009
h(x3-18.584),0.606873
h(18.584-x3),-0.202977
h(x5-0.47),1.36349
h(0.47-x5),1.18755
h(x6-179.12),0.0536662
h(179.12-x6),0.00835838
