Basis,Coeff
(Intercept),-6.47849
h(x0-8.63),4.84821
h(8.63-x0),-0.7202
h(x6-124.38),-0.00282241
h(124.38-x6),0.0176786
x1,2.82036
h(x4-301.45),-0.0200241
h(301.45-x4),-0.00467614
x3,0.140728
