Basis,Coeff
(Intercept),-62.3306
x5,2.38515
h(5.3-x0),-2.71759
h(x6-277.05),-0.132919
x1,12.8302
h(-2.03-x2),-16.8725
h(-0.92-x2),9.66852
h(x4-5.99),0.00155446
h(5.99-x4),0.140834
h(x0-4.61),1.09517
h(4.61-x0),27.3178
h(x6-212.7),-0.262075
h(x6-245.77),0.199887
h(x6-191.19),0.143963
h(191.19-x6),-0.00624827
x3,-0.270099
