Basis,Coeff
(Intercept),-288.811
h(0.98-x2),213.404
x5,26.9529
h(116.98-x6),0.131596
h(x1-12.43),127.142
h(12.43-x1),6.23546
h(41.71-x4),3.13038
h(8.28-x4),0.67242
h(x2+0.1),194.028
h(-0.1-x2),-208.589
h(x6-248.93),-0.0225933
h(248.93-x6),-0.0568068
h(6.74-x6),-0.636452
x0,1.09234
h(2.37-x5),32.4586
h(x4-35.17),1.03751
h(35.17-x4),-3.57107
h(x4-51.88),-1.14338
h(75.94-x4),0.357133
h(136.49-x4),-0.231517
h(x4-182.51),0.115805
