Basis,Coeff
(Intercept),-49.0002
x0,4.74242
x5,2.46638
h(x4-294.98),-0.0312306
h(294.98-x4),-0.00742578
x1,3.07785
h(x6-165.47),-0.0265855
