Basis,Coeff
(Intercept),54.9256
h(12.89-x0),-1.92759
h(x6-106.26),-0.696048
h(106.26-x6),0.705935
h(x6-66.73),0.50474
h(x3-9.28),-0.190065
x2,55.9136
x1,6.82828
h(102.03-x6),-0.282544
x5,7.0281
h(-1.67-x2),68.979
