Basis,Coeff
(Intercept),19.0656
h(x0-8.85),2.89016
h(8.85-x0),-2.18267
h(x1-4.59),1.33689
h(4.59-x1),3.48061
h(12.55-x3),0.387944
h(x6-178.79),0.024353
h(178.79-x6),0.00660321
h(x1-12.33),295.299
h(x3-17.6),-1.35929
h(17.6-x3),-2.90527
h(14.71-x3),2.46111
h(x4-0.13),-0.0161561
h(0.13-x4),7.95255
h(x6-153.93),-0.0208034
