Basis,Coeff
(Intercept),16.5389
h(x0-9.75),2.52522
h(9.75-x0),-1.09357
h(-1.64-x2),13.98
h(303.66-x4),0.0168672
h(x6-27.13),-0.0452591
h(27.13-x6),-0.121589
h(x0-11.8),-10.1142
