Basis,Coeff
(Intercept),16.159
h(x0-7.61),3.34712
h(7.61-x0),-2.25834
h(x1-4.59),2.52767
h(x2+2.68),-5.69685
h(-2.68-x2),-163.922
h(x4-58.5),0.064167
h(x3-17.97),0.412163
h(17.97-x3),-0.11896
h(x6-274.31),0.0572591
h(274.31-x6),0.046104
h(x4-36.11),-0.0677264
