Basis,Coeff
(Intercept),43.7157
h(6.93-x0),9.84855
x5,3.45447
h(x6-309.99),0.107383
h(309.99-x6),0.0114062
h(x0-11.78),15.6185
h(11.78-x0),-7.77904
h(x2-0.11),-20.6495
h(x0-8.57),-5.94123
h(x1-5.01),-0.716705
