Basis,Coeff
(Intercept),-62.1718
x0,4.12108
h(x6-150.66),0.0514587
h(150.66-x6),0.143077
h(266.05-x4),-0.122799
x5,0.774654
h(342.16-x4),0.190773
h(x4-9.67),0.091036
