Basis,Coeff
(Intercept),41.5413
h(2.1-x5),-3.92112
h(x6-225.3),0.0129516
h(134.99-x4),-0.186078
h(x6-26.31),0.0721689
h(8.89-x3),3.31826
h(9.16-x3),-3.46188
h(139.98-x4),0.11773
x6,-0.0733621
