Basis,Coeff
(Intercept),-6.82473
x0,3.3416
h(x1-11.84),14.658
h(11.84-x1),-0.482091
h(x3-26.39),3.80486
x5,1.04877
x2,2.15886
h(x3-28.76),-4.74889
h(28.76-x3),-0.302414
h(x6-175.1),0.00636704
h(175.1-x6),0.0286282
h(90-x6),-0.0426215
