Basis,Coeff
(Intercept),-37.6229
h(8.14-x0),-21.2352
h(12.58-x0),7.32042
x1,1.64428
h(78.17-x6),0.603775
h(x2-0.7),-88.3026
h(0.7-x2),2.13452
x3,0.221615
h(x6-108.39),0.276786
h(108.39-x6),0.163669
h(x6-126.13),-0.331813
h(82.41-x6),-0.598903
h(x0-13.41),-5.57791
h(9.05-x0),7.48434
h(7.39-x0),68.3519
h(286.73-x6),0.0492219
h(x0-7.27),10.7063
h(7.27-x0),-62.449
h(341.54-x6),-0.110685
