Basis,Coeff
(Intercept),145.547
h(37.83-x4),-0.0416233
x1,-12.6028
h(x4-335.31),-0.695378
h(12.37-x0),11.3086
h(0.55-x4),3.63536
h(x0-12.73),-9.26275
x3,0.166148
h(x4-353.14),1.18937
h(x4-358.85),-3.70246
h(358.85-x4),-0.0300944
h(8.02-x6),0.249229
h(11.6-x6),-0.144577
h(x0-8.79),11.1355
h(8.79-x0),-12.1359
x5,0.143155
