Basis,Coeff
(Intercept),27.7499
h(x0-11.81),11.0192
h(11.81-x0),-2.43199
x5,1.69671
h(x0-7.18),-2.31514
h(x6-300.94),0.204796
h(x6-322.43),-0.183867
h(x6-258.78),-0.0559119
h(x4-88.88),-0.0095154
h(88.88-x4),-0.0191593
h(20.9-x3),-0.222967
