Basis,Coeff
(Intercept),93.3484
h(15.66-x0),-4.42475
h(x4-200.59),-0.0565106
h(200.59-x4),0.0462844
h(x6-184.6),-0.265543
h(x6-230.13),0.553427
h(230.13-x6),-0.412996
h(299.48-x4),-0.0606431
h(168.42-x6),0.261467
h(141.85-x6),-0.133815
h(x5-3.58),-5.5942
h(3.58-x5),-0.426209
h(x1-4.9),-253.657
h(98.64-x6),0.255655
h(x6-87.88),-0.241167
