Basis,Coeff
(Intercept),22.181
h(x0-9.6),4.75161
h(9.6-x0),0.364445
h(x1-12.85),482.91
h(12.85-x1),-1.2616
h(x4-36.24),-0.1121
h(x3-14.88),0.771864
h(x6-127.15),-0.116948
h(127.15-x6),-0.0219662
h(x4-103.85),0.615436
x5,0.515564
h(x2-0.7),111.219
h(-2.54-x2),-7.2313
