Basis,Coeff
(Intercept),5.9873
h(x0-4.41),2.87447
x1,1.20507
x5,1.48911
h(x6-165.72),0.415936
h(165.72-x6),-0.287589
x3,0.0944562
x2,0.82298
h(204.4-x6),-0.112924
h(245.76-x6),0.139065
h(80.04-x6),0.300775
h(x6-99.09),-0.319063
h(36.44-x4),0.0248483
