Basis,Coeff
(Intercept),17.9208
x1,1.51345
h(0.42-x2),2.53603
h(x0-12.98),8.93168
h(12.98-x0),-1.04105
h(x6-347),-0.917257
h(x6-329.61),0.95736
h(224.42-x4),0.0419666
h(x6-61.67),0.184756
x5,0.561642
h(334.35-x6),-1.04067
h(94.4-x4),-0.790845
h(79.73-x4),0.509551
h(122.47-x4),0.304777
h(297.76-x6),-2.36551
h(x3-1.19),0.233554
h(1.19-x3),4.99297
h(x6-321.31),0.516809
h(x6-285.01),-1.47738
h(285.01-x6),1.88
h(x6-359.78),62.2196
h(300.01-x6),1.69276
h(x4-57.25),0.0502674
