Basis,Coeff
(Intercept),43.4957
h(x0-13.48),15.2056
h(13.48-x0),-7.56556
h(0.56-x2),9.51958
h(11.54-x1),28.3112
h(x6-349.91),0.146325
h(349.91-x6),0.00381749
h(x5-2.95),8.44091
h(2.95-x5),0.744569
h(46.78-x4),-0.0234613
h(x3-18.84),-10.9525
h(18.84-x3),-0.272423
h(x0-10.87),-5.51885
