Basis,Coeff
(Intercept),-193.863
h(x0-9),3.48636
h(9-x0),5.85572
h(x3-11.42),0.323638
h(35.28-x6),0.524269
x5,1.16822
x1,2.00351
h(x2-0.57),90.1645
h(0.57-x2),4.73266
h(x6-308.57),0.485316
h(x6-53.79),-0.447577
h(x4-51.06),0.380875
h(51.06-x4),-0.0487255
h(304.1-x6),-0.40505
h(x3-7.7),15.9075
h(7.7-x3),-15.001
h(x6-343),-0.131415
h(x6-355.33),0.317491
h(x6-165.15),0.0374631
h(x3-26.09),-15.3644
h(26.4-x3),15.7296
h(x0-15.49),-6.14397
