Basis,Coeff
(Intercept),41.4727
h(15.66-x0),-4.48052
h(x4-200.59),-0.0738901
h(x6-184.6),0.0429573
h(184.6-x6),-0.302676
h(230.13-x6),0.132035
h(x4-299.48),-0.0534083
h(299.48-x4),-0.0165664
h(168.42-x6),0.241495
h(141.85-x6),-0.0802824
h(x5-3.58),-5.82654
h(3.58-x5),-0.469493
h(x1-4.9),-250.746
h(x4-224.88),0.0733373
