Basis,Coeff
(Intercept),27.3929
h(x0-13.919),6.304
h(13.919-x0),-3.47952
h(x2+1.722),2.71585
h(-1.722-x2),-7.87332
h(x5-1.18),2.40681
h(1.18-x5),2.05649
h(x3-6.433),0.244291
h(x0-12.073),1.64031
h(x4-299.623),-0.016884
h(299.623-x4),-0.0275395
