Basis,Coeff
(Intercept),28.7936
h(x0-11.67),4.93071
h(11.51-x1),-5.38824
x2,-11.5482
h(x3-7.05),0.271261
h(x4-8.6),0.00310252
h(8.6-x4),0.28588
