Basis,Coeff
(Intercept),3.89201
h(x0-8.26),-39.7228
h(x2-0.59),36.6848
h(0.59-x2),-0.344766
h(x6-147.78),-0.017967
h(x1-4.42),0.813524
h(4.42-x1),-12.9966
h(x6-70.11),0.0293257
h(70.11-x6),0.0638196
h(x0-12.67),2.35513
h(x0-8.86),21.5219
h(x0-7.51),21.6442
x5,-0.608467
