Basis,Coeff
(Intercept),26.9262
h(23.64-x4),0.0883076
h(x0-12.45),44.9285
h(x2-0.56),-86.0085
h(0.56-x2),4.6404
h(x1-12.33),-111.025
h(12.33-x1),4.57173
h(x0-12.63),-43.5939
h(12.63-x0),0.141304
x5,0.709956
h(x4-43.57),-0.00761926
h(43.57-x4),-0.0568019
h(x3-23.02),-10.9392
h(23.02-x3),-0.219926
h(30.17-x4),-0.0619329
