Basis,Coeff
(Intercept),9.11049
h(x0-4.91),2.80845
h(4.91-x0),-1.02939
h(12.96-x1),-1.22245
x5,1.91045
h(122.01-x6),0.140677
h(x3-28.45),2.13575
h(28.45-x3),-0.118103
h(146.84-x4),-25.9327
h(x4-147),0.00503694
h(147-x4),25.9073
x2,-0.967438
h(x6-142.18),0.0217734
h(142.18-x6),-0.0946663
