Basis,Coeff
(Intercept),12.8165
h(x0-4.91),2.80845
h(4.91-x0),-1.02939
h(12.96-x1),-1.22245
x5,1.91045
h(x6-122.01),0.0217734
h(122.01-x6),0.118904
h(x3-28.45),2.13575
h(28.45-x3),-0.118103
h(x4-146.84),-25.9073
h(146.84-x4),-0.0254017
h(x4-147),25.9123
x2,-0.967438
h(142.18-x6),-0.0728929
