Basis,Coeff
(Intercept),-203.224
h(x0-9.93),-9.84483
h(x6-141.37),0.077919
h(277.91-x4),-0.171353
h(73.22-x4),0.243072
h(x4-292.68),0.518617
x2,2.22746
x5,-1.79516
h(5.02-x1),-2.22055
h(x0-9.74),112.844
h(9.74-x0),-99.9968
h(327.91-x4),-0.0564555
h(12.59-x0),99.5495
h(x4-56.9),-0.137635
h(x6-69.05),0.178645
h(107.91-x6),-0.127383
h(x6-59.46),-0.0853832
h(x4-261.01),-0.425192
h(x6-27.28),-0.171288
