Basis,Coeff
(Intercept),44.7102
h(12.73-x1),-1.5689
h(x0-12.53),4.59565
h(12.53-x0),-2.30257
h(x5-4.73),-20.3443
h(4.73-x5),-3.43418
h(x3-25.08),1.32748
h(x4-320.93),0.0636314
h(320.93-x4),0.00260891
h(x6-97.92),-0.00513465
h(97.92-x6),-0.0146429
