Basis,Coeff
(Intercept),1.67371
h(x0-7.66),4.71443
x1,0.780741
h(10.07-x4),-0.0566978
