Basis,Coeff
(Intercept),15.7045
h(x0-6.49),25.9142
h(x1-12.39),-244.802
h(12.39-x1),-1.08933
h(x3-15.92),0.634903
h(15.92-x3),-0.104651
h(x6-145.76),0.008403
h(145.76-x6),0.0189499
h(x4-308.74),-0.0199502
h(308.74-x4),0.0896481
h(x0-6.23),-21.8914
h(6.23-x0),-1.96505
