Basis,Coeff
(Intercept),6.11352
h(x0-4.91),3.18762
h(4.91-x0),0.83796
x1,1.03041
h(x3-30.1),2.27952
h(30.1-x3),-0.326619
h(x4-271.61),-0.24296
h(x6-43.04),0.00994217
h(43.04-x6),0.0933855
h(119.99-x4),0.0592984
x5,0.607231
h(x4-285.52),0.198392
h(285.52-x4),-0.045767
