Basis,Coeff
(Intercept),-110.949
x0,2.28301
h(27.98-x3),6.80247
h(x2-0.67),50.4486
h(0.67-x2),-5.79394
h(28.47-x3),-7.11983
h(309.83-x4),-0.16658
x5,1.0215
h(93.08-x6),-0.189893
h(x6-76.33),0.214094
h(x6-143.66),-0.0695997
h(x6-297.67),0.386185
h(285.09-x6),0.571241
h(x6-293.44),-0.904361
h(x6-4.74),0.380433
h(x4-57.91),1.20152
h(x4-52.68),-1.24789
h(345.2-x4),0.0895995
