Basis,Coeff
(Intercept),108.161
h(12.3-x0),-2.14653
x2,-6.32414
x1,-10.6189
h(x6-0.36),0.0704388
h(0.36-x6),14.8823
h(x4-12.79),-2.23313
h(12.79-x4),2.09729
h(x4-0.47),2.1965
h(x6-212.14),-0.0283731
h(x4-138.92),-0.289799
h(x4-119.28),0.166101
h(x4-147.56),0.157728
h(276.54-x6),0.0709052
h(83.69-x4),-0.0790718
h(x5-2.56),2.22518
h(55.16-x4),0.0639163
x3,0.149445
