Basis,Coeff
(Intercept),23.726
h(x0-11.8),7.32893
h(11.8-x0),-3.33
h(12.34-x1),-2.65368
h(x3-14.45),0.16915
h(14.45-x3),-0.548256
h(356.47-x4),1.37807
x2,-3.84496
h(259.9-x4),-0.250245
h(9.8-x0),2.48072
h(28.64-x6),-0.0408122
h(x4-346.4),1.09441
h(346.4-x4),-1.3385
h(7.34-x0),-1.34803
h(x5-2.18),4.71837
h(2.18-x5),-0.41431
