Basis,Coeff
(Intercept),5.02868
h(x4-333.5),-5.39095
h(x4-335.32),4.00446
h(x4-325.02),1.20307
h(x2-0.62),-12.1219
h(x3-11.38),-1.29916
