Basis,Coeff
(Intercept),80.0926
x0,-2.47104
h(274.46-x4),-0.16365
h(x6-154.98),0.0430769
h(154.98-x6),0.0684303
x2,1.43091
x5,0.58887
h(x4-330.21),0.17462
h(x0-10.62),6.8902
h(x4-37.62),-0.135331
h(37.62-x4),0.185908
