Basis,Coeff
(Intercept),-42.9882
h(x1-5.07),0.581133
h(x2+2.32),-11.2007
h(x0-10.14),-9.01271
h(8.33-x3),0.365994
h(x0-7.06),12.4732
h(187.84-x6),0.108016
h(x2+1.24),9.2984
h(-1.24-x2),6.57399
h(x6-205.13),-0.46183
h(x6-292.29),0.109828
x5,2.12559
h(x6-193.44),0.383811
h(x3-3.97),0.919422
h(x2+2.92),13.9675
h(x3-1.35),-1.00515
h(170.57-x6),-0.0779109
h(11.59-x0),7.43096
