Basis,Coeff
(Intercept),1.2754
h(x0-8.63),-11.3433
h(8.63-x0),-2.77824
h(x1-12.32),195.658
h(12.32-x1),-1.33915
h(x2+2.57),-1.3594
h(-2.57-x2),-12.7171
h(x0-9.08),11.3554
h(x0-7.71),2.90665
x5,1.1693
h(179.97-x6),-0.392546
h(103.21-x6),-0.290387
h(x6-208.07),-0.438479
h(118.31-x6),0.213734
h(x6-181.85),0.489261
h(318.79-x6),0.090983
h(201.38-x6),0.317441
h(33.21-x4),-3.38878
