Basis,Coeff
(Intercept),22.5001
h(x0-1.8),3.09035
h(1.8-x0),3.41745
h(x5-3.65),-4.96264
h(3.65-x5),-3.56241
h(x4-188.02),-0.107561
h(188.02-x4),0.0561919
h(x6-127.56),0.0409141
x3,-0.35307
h(x6-50.01),-0.225668
h(0.05-x2),-1.68402
h(x6-227.59),-0.117774
h(x6-188.02),0.349928
h(298.19-x6),0.118763
h(297.99-x4),0.122428
h(198.67-x6),-0.261334
h(336.27-x4),-0.144724
h(x4-30),0.0543747
