Basis,Coeff
(Intercept),14.6081
h(x2+0.93),-35.6329
h(-0.93-x2),14.9486
h(x0-7.34),-7.2352
h(267.96-x4),-0.0594865
h(x3-15.27),0.282364
h(x4-328.54),0.0949956
h(x1-5.09),194.109
h(5.09-x1),34.407
x5,-1.65802
h(x4-77.65),-0.0448072
h(77.65-x4),0.075825
