Basis,Coeff
(Intercept),-705.911
h(167.7-x6),0.0557656
h(x0-13.1),49.3933
h(13.1-x0),-3.14747
h(3.15-x5),-2.82465
h(x2+2.67),-2.16774
h(-2.67-x2),-43.6752
h(x4-267.77),0.0452598
h(123.35-x6),-0.0814725
h(64.86-x6),-5.35567
h(x6-66.21),4.89035
x1,-2.20999
h(2.2-x4),0.888333
h(x4-333.02),-0.0843451
h(97.58-x6),0.310567
h(x6-218.94),-4.88435
h(218.94-x6),4.86418
