Basis,Coeff
(Intercept),-57.5229
x0,4.54849
h(x6-158.42),-0.763286
h(158.42-x6),0.856298
x5,0.647195
h(18.5-x3),0.265937
h(x4-336.6),0.0695397
h(336.6-x4),0.125283
h(130.33-x6),-0.86114
h(x6-134.01),0.812981
h(283.58-x4),-0.143195
