Basis,Coeff
(Intercept),6.79376
h(-0.97-x2),-6.36759
h(x0-13.82),12.944
h(13.82-x0),-2.35265
x5,0.781207
x1,2.50081
x3,0.269787
h(282.14-x4),-0.367125
h(x4-112.4),0.0951951
h(313.27-x6),0.476004
h(337.12-x4),0.295919
h(x2-0.7),96.2896
h(0.7-x2),5.80434
h(38.03-x4),0.042858
h(x4-62.82),0.185368
h(x4-44.08),-0.257333
h(332.62-x6),-0.244009
h(303.02-x6),-0.239486
h(x6-52.13),-0.0148842
