Basis,Coeff
(Intercept),48.1051
h(x0-9.58),1.53787
h(9.58-x0),-0.633933
h(x3-20.61),-1.02563
h(x1-11.55),-89.1909
h(11.55-x1),-2.69272
h(x3-16.5),1.63209
h(16.5-x3),-0.178247
h(x4-145.74),0.217018
h(145.74-x4),-0.270418
h(64.07-x4),0.213425
h(x4-46.2),-0.227657
h(2.92-x5),1.59217
h(x6-347.53),0.109307
h(347.53-x6),0.0671358
