Basis,Coeff
(Intercept),2.51422
h(x0-5.01),2.95009
h(5.01-x0),-0.498045
x1,0.898193
h(x3-28.51),2.40128
h(28.51-x3),-0.176896
x5,1.4524
h(x6-54.94),0.115937
h(54.94-x6),0.0133541
h(x6-31.1),-0.123691
h(x6-122.1),0.0201352
