Basis,Coeff
(Intercept),32.3437
h(26.9-x3),2.66755
h(14.46-x4),-0.629441
h(29.32-x3),-2.53636
x2,2.57282
h(12.05-x4),0.587724
h(x4-309.83),-0.0420841
x0,0.582645
x5,0.653613
