Basis,Coeff
(Intercept),-2255.85
h(342.05-x6),-0.660276
h(6.68-x5),-3.54042
h(x6-162.48),-0.599955
h(359.41-x6),18.265
h(x0-11.35),8.41351
h(11.35-x0),-0.774751
h(x6-231.28),17.0615
h(231.28-x6),-16.9674
h(x6-183.56),1.29427
h(199.64-x6),-0.571228
x3,1.0948
h(249.65-x4),-0.0637408
h(x6-354.01),0.46966
h(129.64-x4),0.186381
h(60.6-x4),-0.347043
h(x6-333.75),0.119751
h(12.89-x1),2.94811
