Basis,Coeff
(Intercept),-16.4093
x0,4.16373
x2,4.4151
x3,0.227098
h(x4-305.54),-0.010757
h(305.54-x4),0.0194458
x1,-0.770836
h(x6-225.49),0.118506
h(225.49-x6),0.00300758
h(x6-302.82),-0.159687
h(x6-186.14),-0.0542118
x5,0.516612
