Basis,Coeff
(Intercept),35.8172
x2,-24.6577
h(x2-0.55),81.2538
h(x0-10.87),6.89019
h(11.46-x1),-9.24064
