Basis,Coeff
(Intercept),44.6651
h(3.48-x5),-2.33584
h(x1-11.53),-300.923
h(11.53-x1),-5.44217
h(0.7-x2),8.38325
h(x3-17.49),7.75237
h(x4-32.81),1.86761
h(32.81-x4),-0.0541406
h(10.06-x0),8.96447
h(x3-16.62),18.8834
h(x3-14.62),-8.72321
h(x3-17.13),-17.6685
