Basis,Coeff
(Intercept),-111.709
h(x4-98.91),-0.647963
h(98.91-x4),0.228085
h(x0-6.89),-5.07459
x5,1.7174
h(x4-222.53),0.164743
x2,-3.68888
h(x6-278.82),-0.417338
h(278.82-x6),0.399803
x1,2.2644
h(x4-83.55),0.277815
h(342.1-x6),-0.41242
h(25.41-x4),-0.673221
x3,0.237174
h(90.11-x6),0.0379838
h(x6-321.55),0.175948
h(x0-5.11),17.9799
h(5.11-x0),-11.0089
h(7.26-x4),0.927061
h(x4-38.62),0.254637
h(14.36-x0),10.8217
