Basis,Coeff
(Intercept),41.0278
h(x2+1.16),-15.4137
h(x4-357.67),1.59003
h(357.67-x4),0.00665793
h(x3-10.22),0.629818
h(10.22-x3),-0.517585
h(x0-10.22),-5.933
h(43.04-x6),-0.722714
x1,4.28137
h(x0-11.92),11.3593
h(11.92-x0),-7.25842
h(8.69-x0),5.75763
h(x6-1.24),-0.721193
h(1.24-x6),1.91327
h(14.24-x3),0.392723
