Basis,Coeff
(Intercept),30.2237
h(12.9-x0),-13.5342
h(x1-12.34),105.366
h(12.34-x1),-2.31882
h(x6-29.64),0.00912245
h(29.64-x6),0.118066
h(12.09-x0),12.9436
h(x0-8),2.41496
h(8-x0),1.42831
x2,-3.05713
h(x3-10.74),0.438844
h(10.74-x3),0.124235
