Basis,Coeff
(Intercept),-1331.44
h(14.42-x0),-3.15985
h(x4-39.83),-21.3838
h(39.83-x4),21.3602
x3,0.455929
h(x5-3.36),5.21301
h(3.36-x5),-1.08032
h(x2-0.52),-115.538
h(0.52-x2),-4.15168
h(313.7-x6),0.0442161
h(129.52-x6),-0.0753036
h(x4-0.15),23.6978
h(x4-17.22),-0.160942
h(x6-343.68),-0.0739563
h(x4-356.72),-2.74456
h(59.46-x4),0.775511
h(x4-52.95),-0.841753
h(352.47-x4),1.31767
h(x6-150.85),0.0255059
