Basis,Coeff
(Intercept),14.2216
h(7.69-x0),2.17676
h(x6-284.56),0.0468181
h(284.56-x6),0.00456901
h(x0-12.21),7.12587
h(12.21-x0),-3.14662
x3,0.199406
x1,1.09811
h(x4-131.75),-0.00304097
h(131.75-x4),-0.0205837
