Basis,Coeff
(Intercept),44.228
h(15.72-x0),-2.19108
h(x6-189.14),0.110334
h(189.14-x6),-0.0474757
h(x4-122.79),-0.0138256
h(122.79-x4),-0.0325651
h(x6-124.11),-0.0842909
h(x1-4.87),-394.028
h(4.87-x1),2.51316
h(-1.22-x2),6.13344
