Basis,Coeff
(Intercept),-21.4029
h(9.89-x0),7.58062
h(x1-4.44),1.27581
h(4.44-x1),10.0438
h(12.51-x0),2.86344
x3,0.115893
h(x0-6.37),6.77179
h(8.69-x0),-9.64383
h(x6-180.94),0.00963326
h(180.94-x6),0.00670208
