Basis,Coeff
(Intercept),15.5114
h(x0-10.39),6.86819
h(-1.21-x2),2.71215
h(x0-9.46),-4.44135
h(x6-171.89),0.0443043
x6,-0.0329445
h(x0-12.03),4.96785
x1,1.60694
h(10.51-x0),-3.29395
