Basis,Coeff
(Intercept),1.34006
h(x0-8.63),16.9448
h(8.63-x0),-0.362431
x1,1.00927
h(x6-140.06),-0.00352525
h(x6-255.66),0.00508664
