Basis,Coeff
(Intercept),0.128327
h(x0-9.68),3.38836
h(9.68-x0),-1.04461
x1,2.65314
h(x4-305.65),-0.0358923
h(305.65-x4),-0.0285738
x3,0.195824
x2,-2.72671
x6,-0.0417676
h(x2+1.57),2.70662
