Basis,Coeff
(Intercept),19.6739
h(x0-4.91),3.30241
h(4.91-x0),5.02468
h(x1-12.38),-267.364
h(12.38-x1),-1.21768
h(x3-27.97),1.63695
h(27.97-x3),-0.300277
h(x4-261.8),-0.179315
x5,1.23994
h(74.76-x4),0.0678767
h(x6-274.26),0.026772
h(274.26-x6),0.0136447
h(x4-297.93),0.139335
h(297.93-x4),-0.0439632
h(120.53-x6),-0.0225172
