Basis,Coeff
(Intercept),-169.491
h(x0-12.21),3.47745
h(x3-5.15),0.489906
h(5.15-x3),-0.487953
h(x6-189.93),-0.037812
x5,2.00846
h(x1-4.34),23.0507
h(4.34-x1),186.551
h(-2.05-x2),-39.4001
h(x2+1.06),21.5611
h(-1.06-x2),4.94932
h(11.4-x1),27.7545
h(99.03-x6),0.0957272
