Basis,Coeff
(Intercept),-698.777
h(167.7-x6),0.0358387
h(x0-13.1),52.8265
h(13.1-x0),-3.13319
h(3.15-x5),-2.93314
h(x2+2.66),-2.30931
h(-2.66-x2),-44.1065
h(x4-266.48),-2.7361
h(266.48-x4),2.78959
h(x6-123.35),-0.0632276
h(64.86-x6),-5.31975
h(x6-66.21),-0.212133
h(66.21-x6),5.0802
h(x6-97.58),0.289113
h(x4-332.63),-0.0897866
x1,-1.94866
h(x4-0.71),2.78919
h(40.33-x4),0.0197854
