Basis,Coeff
(Intercept),9.05473
h(x0-8.95),3.68887
h(8.95-x0),-2.65689
h(x6-161.33),0.00377988
h(161.33-x6),0.0193968
x3,0.142488
h(x4-59.61),0.00298445
