Basis,Coeff
(Intercept),6.10374
h(x2+0.99),3.71504
h(-0.99-x2),-2.04712
h(x0-7.26),3.16826
h(x0-10.89),1.44474
