Basis,Coeff
(Intercept),5.56048
h(x1-5.05),3.14821
h(5.05-x1),-0.735834
h(x0-7.55),6.91623
h(x4-359.23),-1.89838
