Basis,Coeff
(Intercept),13.2329
h(-1.25-x2),3.08112
h(x4-45.8),-0.152432
h(45.8-x4),0.128884
h(x6-162.97),0.23719
h(x1-4.94),164.126
h(4.94-x1),20.5763
h(x3-7.15),45.1963
h(7.15-x3),-0.549875
h(x6-82.1),-0.100177
h(82.1-x6),-0.0831576
h(x6-196.35),-0.454956
h(x0-12.05),31.8639
h(12.05-x0),-1.85491
h(x6-178.3),0.305737
h(x4-21.65),0.157899
h(286.26-x6),0.0509489
