Basis,Coeff
(Intercept),-36.8092
x0,5.54288
h(140.65-x4),1.04264
h(10.68-x0),5.49486
h(0.55-x2),9.94841
h(11.46-x1),-4.24417
