Basis,Coeff
(Intercept),-17.0176
h(7.85-x0),10.5484
h(x2+1.47),-18.3989
h(x2+0.89),19.6714
h(-0.89-x2),-6.04822
h(x0-8.34),-16.4205
h(x0-4.81),11.0065
h(4.81-x0),-17.5125
h(44.86-x4),-0.0212706
h(5.75-x4),0.183033
h(x6-259.35),-0.0061337
h(226.41-x4),0.00219998
h(5.11-x1),-8.48107
