Basis,Coeff
(Intercept),31.9541
h(6.967-x0),0.647398
h(x2-0.122),-3.43097
h(0.122-x2),1.34975
h(x3-18.699),1.65829
h(18.699-x3),-0.295969
h(x0-13.717),2.90862
h(13.717-x0),-1.79268
h(4.461-x1),-8.85261
h(x0-12.06),1.98804
h(x4-312.513),-0.0531515
h(312.513-x4),-0.00546096
h(x1-11.324),-10.2308
h(11.324-x1),-1.6853
h(x0-8.38),1.78377
