Basis,Coeff
(Intercept),-7.28256
h(x0-14.43),-6.34848
h(14.43-x0),-3.84044
h(40.83-x4),-0.0932469
h(x1-12.24),41.2833
h(12.24-x1),1.68373
h(x3-22.31),-9.40476
h(22.31-x3),-0.394324
h(137.06-x6),-0.406907
x5,-4.56354
h(x6-307.6),-0.3928
h(307.6-x6),0.411715
h(x2-0.52),-103.338
h(0.52-x2),-1.92526
h(x6-76.83),0.101918
h(x6-149.95),0.300317
h(3.7-x5),-5.87796
h(x4-297.01),-0.0681078
