Basis,Coeff
(Intercept),35.5893
h(11.96-x0),2.27414
x1,0.730112
h(x3-1.51),0.220986
h(x6-31.06),-0.0212053
h(14.91-x0),-5.71669
h(x4-359.03),1.88678
h(359.03-x4),0.00829963
