Basis,Coeff
(Intercept),196.134
h(12-x0),3.93799
h(x6-180.12),-0.400994
h(180.12-x6),0.416142
h(277.71-x4),-0.406818
h(x6-298.97),0.031416
h(x4-311.33),0.577849
x3,0.0674072
x5,1.37913
h(x0-6.89),7.10561
h(6.89-x0),-9.29075
h(x4-72.03),-0.651745
h(72.03-x4),0.706295
h(10.82-x0),2.76963
h(319.62-x6),-0.412062
h(x1-4.18),-0.820585
h(4.18-x1),-3.73681
h(321.56-x4),-0.297975
h(18.67-x4),-0.206695
h(38.2-x4),0.0953091
h(x4-350.04),0.138764
h(x6-313.38),0.265504
