Basis,Coeff
(Intercept),-27.5608
x0,4.91385
h(x1-12.38),45.1463
h(12.38-x1),1.75024
h(x4-287.41),0.164461
h(1.89-x5),1.60409
h(x2-0.69),-422.914
h(0.69-x2),2.68604
x3,0.363148
h(x4-348.62),0.29046
h(x4-239.85),0.758241
h(x4-191.43),-0.373623
h(x4-278.19),-0.623338
h(278.19-x4),-0.0272295
h(x6-350.84),0.154805
h(350.84-x6),0.000911099
h(x5-4.3),-1.33757
h(4.3-x5),-1.28101
