Basis,Coeff
(Intercept),-214.769
h(11.53-x1),22.1679
h(x2-0.53),-143.749
h(0.53-x2),7.69456
h(352.44-x6),0.545784
h(x6-5.9),0.657104
h(x4-47.65),-0.503241
h(294.42-x6),-0.08414
h(x6-357.06),-0.795042
x0,0.718644
h(x5-2.64),4.70829
h(347.53-x6),0.181265
x3,0.324029
h(x4-42.14),1.32668
h(54.06-x4),0.150517
h(x4-40.59),-0.832527
h(42.71-x4),-0.245268
