Basis,Coeff
(Intercept),10.1465
x5,3.73241
h(x6-208.08),-0.142135
h(12.61-x1),8.80324
h(318.48-x4),0.544401
h(x4-325.91),-1.45657
h(x4-325.07),1.1681
x2,3.61347
h(x0-10.4),3.07886
h(10.4-x0),-5.34578
h(x3-20.95),-0.849073
h(x3-16.14),2.02106
h(x3-14.72),-1.58109
h(x6-81.8),-9.97316
h(x6-82.5),8.82604
h(x6-77.74),1.24383
h(77.74-x6),0.512586
