Basis,Coeff
(Intercept),12.816
h(x0-11.05),5.37696
h(x1-4.39),1.4504
h(4.39-x1),30.4879
h(x3-18.66),0.770654
h(8.63-x0),-2.72743
h(x2-0.54),68.7527
x5,0.765185
h(x6-151.01),0.00645396
h(151.01-x6),0.0202329
h(x6-315),-0.0571732
