Basis,Coeff
(Intercept),7.58302
h(x0-8.91),5.19948
h(8.91-x0),-5.16289
x5,1.80739
h(10.26-x0),4.97383
h(53.95-x4),0.0202413
