Basis,Coeff
(Intercept),10.1164
h(8.77-x0),5.36708
h(62.45-x4),0.0214819
h(x2+1.11),-4.35291
h(x3-6.36),0.403214
h(x0-9.89),1.61018
h(9.89-x0),-7.69881
x1,1.64922
