Basis,Coeff
(Intercept),13.3253
h(x0-8.3),3.93687
h(8.3-x0),-0.662821
h(x1-11.54),99.9046
h(11.54-x1),-1.0078
h(x3-8.63),0.468741
h(8.63-x3),-0.0744508
h(x6-155.39),0.0977177
h(155.39-x6),0.224822
h(x4-33.91),-0.00200263
h(33.91-x4),-0.031445
