Basis,Coeff
(Intercept),-10.9969
x5,2.16519
x0,1.97634
h(x6-176.8),0.188381
h(176.8-x6),0.0067617
h(x4-10.87),0.0213039
h(10.87-x4),0.159179
h(5.09-x1),-11.3179
h(-2.34-x2),-34.7614
h(-0.85-x2),8.88066
h(-2.62-x2),24.2616
h(x4-90.6),-0.0220006
h(x6-208.79),-0.0546708
h(x6-174.2),-0.142503
