Basis,Coeff
(Intercept),1176.93
h(12.14-x0),4.49303
h(x2+0.36),-6.10541
h(-0.36-x2),-21.2107
h(x0-13.08),-1.58891
h(13.08-x0),-21.5961
x5,0.801552
h(x4-35.82),-0.00654218
h(35.82-x4),-0.0485332
h(355.12-x6),0.178267
h(12.66-x0),17.6366
h(x6-129.02),-0.0294976
h(x6-290.36),-15.7236
h(290.36-x6),15.7385
x1,-2.68667
h(2.98-x6),0.197439
h(359.89-x6),-15.9332
