Basis,Coeff
(Intercept),-233.728
h(x2-0.7),55.5988
h(0.7-x2),9.56371
h(x0-13.85),21.2554
h(x3-26.14),-0.997452
h(26.14-x3),-0.359633
h(313.27-x6),0.27822
h(332.34-x6),-0.235364
h(x0-14.34),-33.3885
h(14.34-x0),-1.67992
h(x6-2.05),1.10931
h(x6-246.45),-1.12827
h(246.45-x6),1.03288
h(144.31-x6),0.0917664
h(44.08-x4),-0.253012
h(58.92-x4),0.127931
h(27.02-x4),0.149597
h(97.45-x6),-0.0609289
h(x6-357.59),0.472722
