Basis,Coeff
(Intercept),3.28773
h(-2.16-x2),28.8486
h(123.45-x6),0.0345624
x0,1.20448
h(x3-6.53),9.6323
