Basis,Coeff
(Intercept),43.4911
h(12.93-x1),-2.6991
h(x0-14.91),18.2991
h(4.92-x5),-1.25308
h(x6-249.45),0.0214283
h(249.45-x6),-0.0133242
h(x4-85.86),0.0132652
h(27.97-x3),11.0812
h(x2+2.67),-4.62699
h(-2.67-x2),-42.3682
h(x0-5.5),2.53804
h(263.49-x4),-0.370506
h(309.61-x4),0.323327
h(x4-198.1),0.127595
h(x4-125.2),-1.51855
h(x4-127.29),1.41351
h(28.65-x3),-11.3483
