Basis,Coeff
(Intercept),-137.115
h(x6-51.54),-0.131309
h(80.68-x4),0.120263
x5,4.96161
h(x4-261.74),-0.0462461
h(261.74-x4),-0.0573558
h(-1.35-x2),-15.5031
h(38.05-x4),-0.189456
h(x1-5.11),-158.833
h(5.11-x1),-6.60157
h(-0.87-x2),11.1518
h(x0-7.61),5.93771
h(10.08-x4),0.152241
h(x6-173.15),1.81712
h(173.15-x6),-2.23915
h(x6-179.25),0.312135
h(x6-254.16),-2.0465
h(241.65-x6),1.01892
h(259.65-x6),1.08049
h(109.12-x4),0.063817
