Basis,Coeff
(Intercept),2.05968
h(x0-9.08),-5.61528
h(9.08-x0),-4.39174
h(x1-12.35),219.327
h(12.35-x1),-1.78801
h(x2-0.98),-112.039
h(0.98-x2),1.15922
h(x0-9.83),9.00334
h(10.53-x3),2.42292
h(45.21-x6),-0.116624
h(x6-17.55),0.0767658
h(17.55-x6),0.630329
h(11.51-x3),-2.31329
h(322.55-x6),0.106923
h(221.83-x6),-0.0823812
h(203.49-x6),0.0590283
h(12.21-x6),-0.985573
