Basis,Coeff
(Intercept),59.7452
h(x0-9.76),19.292
h(x1-12.55),-89.7401
h(12.55-x1),-1.17667
h(x0-9.14),9.50468
h(9.14-x0),-28.4899
h(x3-11.86),0.655096
h(11.86-x3),0.0299437
h(7.6-x0),26.529
h(x0-7.87),-24.3245
h(x0-14.51),6.06402
h(x3-19.25),2.80956
h(x3-21.57),-3.86309
