Basis,Coeff
(Intercept),-80.6487
h(7.73-x0),-26.5757
h(12.3-x0),10.2766
h(x3-9.14),2.08763
h(9.14-x3),-0.21112
x1,0.773952
h(x0-13.5),-7.19682
h(x6-20.18),0.241028
h(x0-7.41),9.45096
h(7.41-x0),14.2122
x2,-0.825648
h(345.35-x6),-0.410226
h(x0-9.14),2.33336
h(x6-277.86),-0.624003
h(277.86-x6),0.797649
h(240.97-x6),-0.132984
h(x6-167.34),0.0827931
