Basis,Coeff
(Intercept),10.438
h(8.53-x0),-3.12785
h(x1-4.43),2.55689
x2,-3.3549
h(x0-11.09),6.46448
h(11.09-x0),-2.8012
h(7.98-x0),6.76627
x5,-1.0585
h(x0-13.84),-2.70065
