Basis,Coeff
(Intercept),0.380536
h(x0-8.19),4.77309
h(8.19-x0),-0.26333
x1,1.07417
h(x0-7.67),2.06814
h(222.09-x6),0.0100564
h(194.98-x6),-0.0105787
