Basis,Coeff
(Intercept),62.4401
h(x0-9.82),4.73415
h(9.82-x0),-0.925414
h(x1-12.3),154.385
h(12.3-x1),-1.6876
h(x3-14.3),-0.429183
h(14.3-x3),1.04095
h(x6-179.49),0.168042
h(179.49-x6),-0.0389204
h(x6-28.04),-0.187058
h(214.79-x6),-0.116684
x2,-1.49221
h(x4-335.51),-0.305859
h(335.51-x4),0.0254743
h(x5-2.42),25.8616
h(2.42-x5),-0.616447
h(20.84-x3),-1.20584
