Basis,Coeff
(Intercept),177.229
x1,-12.732
h(x0-11.98),6.37371
h(46.37-x4),-0.171412
h(0.56-x4),3.15856
h(x6-346.35),3.39351
h(x0-8.8),-0.306882
x3,0.130567
h(x4-11.34),0.267433
h(11.34-x4),0.0782067
h(35.67-x4),0.144851
h(351.17-x6),-0.307546
h(x6-345.83),-3.91426
h(x6-344.3),0.747645
h(356.87-x6),0.309214
h(x4-16.82),-0.276298
