Basis,Coeff
(Intercept),27.275
h(x2-0.52),-169.087
h(0.52-x2),3.60288
h(x0-12.35),5.82917
h(12.35-x0),1.04499
h(x4-39.18),-0.0554418
x5,0.394926
x3,0.103983
h(x4-8.63),0.0469884
h(8.63-x4),-0.158824
h(x6-318.95),0.0121472
