Basis,Coeff
(Intercept),77.9133
h(x0-9.12),9.39812
h(9.12-x0),-8.05976
h(x1-12.35),333.376
h(12.35-x1),-2.13183
h(0.97-x2),1.73897
h(106.55-x6),-0.458604
h(x0-5.95),-6.61106
h(118.41-x6),0.286086
h(x6-174.1),-0.0853423
h(x4-30.82),-0.0398554
h(30.82-x4),-0.0461999
h(x6-45.01),0.857322
h(45.01-x6),-0.726443
h(207.28-x6),-0.26
h(143.81-x6),0.409108
h(x6-149.91),-0.331548
h(x6-324.45),0.0866229
h(x6-195.88),0.305561
h(x6-8.59),-0.777706
