Basis,Coeff
(Intercept),-96.482
h(x0-7.57),3.03444
h(7.57-x0),-0.586958
h(11.64-x1),15.7786
h(10.99-x3),0.662884
h(x6-178.77),0.0261892
h(x5-2.37),85.9517
h(2.37-x5),0.572814
h(x4-0.13),-0.0268588
h(0.13-x4),6.42806
h(x2-0.68),12.3
h(0.68-x2),-0.63045
h(x1-4.63),16.2595
h(4.63-x1),-14.1887
h(x6-52.19),-0.0245015
h(52.19-x6),-0.0297675
h(17.62-x3),-0.717399
