Basis,Coeff
(Intercept),14.0373
h(7.94-x0),3.89039
x1,1.02401
x3,0.282662
h(x6-120.43),-0.0282487
h(x0-11.27),5.36834
h(11.27-x0),-3.98995
