Basis,Coeff
(Intercept),160.758
h(x0-9.86),43.7202
h(x1-12.41),-19.4517
h(12.41-x1),-1.64551
h(9.48-x0),-47.9294
h(x2-0.64),-36.0305
h(0.64-x2),0.882787
h(x0-7.84),-46.8881
h(7.84-x0),53.7072
h(x6-98.15),-0.405969
h(x6-260.8),0.0346332
h(x6-73.66),0.281737
h(x6-137.57),0.104653
h(15.47-x0),-8.44675
