Basis,Coeff
(Intercept),18.4073
h(9.59-x0),0.911641
x1,1.24826
h(x3-14.75),0.521406
h(14.75-x3),-0.0966365
x5,-0.837697
h(176.62-x6),0.027498
h(x6-91.28),-0.337997
h(91.28-x6),-0.0914145
h(x6-98.38),0.341071
h(x0-12.47),-4.01558
h(12.47-x0),-3.19383
