Basis,Coeff
(Intercept),1.69445
h(x0-8.19),9.54894
x1,0.774034
