Basis,Coeff
(Intercept),163.659
h(x0-9.25),-26.0941
h(x2+0.19),-8.16331
h(-0.19-x2),-2.76077
h(x0-5.1),6.00789
x1,-12.7358
h(16.72-x6),0.0819183
h(97.9-x6),-0.0184846
h(x4-234.01),-0.00818121
