Basis,Coeff
(Intercept),13.0763
h(x0-7.5),3.33327
h(x1-11.47),-109.414
h(11.47-x1),-1.0872
h(3.57-x3),-0.435392
