Basis,Coeff
(Intercept),70.5869
h(x2+1.63),0.722186
x0,0.636242
h(x0-7.64),3.66211
x5,-5.40148
h(73.33-x4),-0.433235
h(6.31-x4),0.231078
h(x4-1.24),-0.599126
h(x4-131.38),0.117879
h(x4-52.69),0.690634
h(1.29-x5),-4.68579
h(x4-48.13),-0.391347
h(163.17-x4),-0.458384
h(x4-170.64),0.179639
h(156.43-x4),0.266355
h(x3-1.07),0.188949
