Basis,Coeff
(Intercept),54.9794
h(12.73-x0),-4.37158
h(x4-41.69),-0.0518709
x3,0.397611
h(x0-11.05),1.36432
h(11.05-x0),19.9523
h(x6-312.45),0.0489366
h(x5-3.6),-8.2634
h(3.6-x5),-1.49809
h(x6-129.52),-0.0236505
h(129.52-x6),-0.0326789
h(x2-0.52),-321.376
h(0.52-x2),-2.63552
h(351.38-x4),1.73692
h(x4-52.95),-0.0459385
h(355.75-x4),-1.77234
h(x4-24),0.0493894
h(x4-340.37),-0.283328
