Basis,Coeff
(Intercept),12.3446
h(x0-7.54),5.79553
h(7.54-x0),-1.33431
h(x1-11.62),11.5609
h(11.62-x1),-0.590197
h(x2+1.67),-1.45491
h(-1.67-x2),-13.7226
h(x6-168.09),0.0959101
h(x6-139.73),-0.0804645
h(x0-9.05),-2.00844
h(x3-7.71),0.497519
