Basis,Coeff
(Intercept),46.2087
h(x2-0.47),-115.294
h(0.47-x2),2.36173
x5,0.534357
h(45.16-x4),-0.038844
x0,-1.18522
h(x4-7.37),-0.0106587
h(7.37-x4),-0.259243
h(x6-10.55),0.00124556
