Basis,Coeff
(Intercept),46.3829
h(x0-12.88),-1.72454
h(x6-165.1),1.42751
x1,-6.53565
h(x0-11.11),6.0055
x5,0.528747
h(x3-17.68),0.582068
h(17.68-x3),0.301483
h(x2+1.9),-3.97605
h(-1.9-x2),-4.87918
h(x6-166.17),-1.40005
h(166.17-x6),0.058078
h(x4-30.65),-0.00325147
h(30.65-x4),-0.0301781
