Basis,Coeff
(Intercept),-37.6441
h(x0-9.8),9.1843
h(9.8-x0),-6.11453
x1,7.89477
h(-1.64-x2),8.60056
h(11.84-x0),5.90634
h(x6-59.86),-0.00771425
h(59.86-x6),0.035003
x5,1.58531
h(x4-27.11),0.46301
h(x4-31.58),-0.469388
