Basis,Coeff
(Intercept),16.4638
h(x0-9.75),2.55887
h(9.75-x0),-1.09268
h(-1.64-x2),13.6654
h(303.66-x4),0.0162458
h(x6-27.13),-0.0431681
h(x0-11.8),-10.3822
