Basis,Coeff
(Intercept),-69.067
x0,-10.2645
h(x1-12.38),-389.67
h(12.38-x1),-1.60268
x5,1.32208
h(x3-28.17),12.9972
h(28.17-x3),-0.219213
h(249.62-x4),0.243457
h(x4-72.87),0.681222
h(72.87-x4),-0.577815
h(x6-89.98),-0.134921
h(x6-15.26),0.100556
h(15.26-x6),0.269538
h(x6-263.14),0.0548434
h(x0-4.91),13.4978
h(301.95-x4),0.371133
h(x4-269.04),-0.592818
h(x3-28.72),-13.7355
h(x2-0.75),-343.596
h(0.75-x2),-0.637753
h(x4-200.76),-0.0734392
