Basis,Coeff
(Intercept),15.391
h(x2+1.94),93.0961
h(-1.94-x2),14.9897
h(4.39-x1),6.42888
h(9.71-x0),-7.30425
h(x0-11.24),20.4037
h(11.24-x0),-0.499741
h(x6-173.46),0.0228825
h(x0-11.38),-23.1941
h(0.05-x4),29.3513
x6,-0.0173644
