Basis,Coeff
(Intercept),-41.5852
h(x0-7.32),5.80533
h(7.32-x0),4.75564
h(x6-324.5),-3.35509
h(324.5-x6),0.0052331
h(x4-63.26),0.089642
h(x3-12.25),11.6144
h(12.25-x3),0.434668
h(x4-285.37),0.63375
h(285.37-x4),-0.766996
h(x6-326.46),3.34741
h(x2+2.69),-4.41646
h(-2.69-x2),-11.5439
h(307.82-x4),0.80567
x1,4.89115
h(x4-340.92),-0.208844
h(x4-297.1),-0.6571
h(x6-342.06),0.549916
