Basis,Coeff
(Intercept),30.4415
h(x0-10.99),3.4
h(10.99-x0),6.55271
h(x1-12.35),-237.961
h(12.35-x1),-2.64295
x2,-3.36546
h(12.31-x0),-8.21615
h(10.65-x3),-0.937449
h(x6-54.77),-0.268578
h(54.77-x6),0.0980961
h(158.18-x6),0.0446592
h(x6-13.69),0.274808
h(x3-6.44),0.379926
h(6.44-x3),1.06494
