Basis,Coeff
(Intercept),-12.3894
h(10.11-x0),10.9168
h(x1-12.35),-196.205
h(12.35-x1),-1.82644
x2,-2.36331
h(x3-11.6),1.63706
h(11.6-x3),-0.0726206
h(x0-7.43),20.1011
h(7.43-x0),-10.8871
h(x0-8.63),-14.1825
x5,0.665339
