Basis,Coeff
(Intercept),31.5567
h(x0-13),18.4509
h(13-x0),-3.08166
h(x2-0.71),113.834
h(0.71-x2),-0.321209
h(x3-14.43),0.192176
h(14.43-x3),-0.180212
h(x4-326.85),-0.0444775
h(326.85-x4),-0.00428678
h(x1-11.49),159.446
h(11.49-x1),-0.901688
h(210.42-x6),0.0166036
h(x6-14.54),0.00585901
h(14.54-x6),-0.179594
