Basis,Coeff
(Intercept),9.4466
x5,2.36472
h(x0-4.88),1.69415
h(x4-6.78),0.0142576
h(6.78-x4),0.299711
h(5.11-x1),-11.6178
h(x2+2.32),-34.4913
h(x2+0.85),11.1046
h(x2+2.64),25.4798
h(x4-106.1),-0.0140597
h(x6-217.49),0.0512627
h(217.49-x6),-0.0827969
h(161.77-x6),0.0835427
h(x6-155.3),-0.0612393
