Basis,Coeff
(Intercept),-10.5014
h(9.86-x0),3.82679
h(x6-174.27),0.032831
h(174.27-x6),0.0124291
h(x6-305.92),-0.215265
x1,3.99412
h(x4-271.96),-0.0368555
h(271.96-x4),-0.0106848
x3,0.278122
h(x0-8.96),4.58791
h(8.96-x0),-7.84151
h(x6-246.39),0.0526637
