Basis,Coeff
(Intercept),-92.4872
h(x0-11.86),7.53877
h(11.86-x0),0.251983
x5,1.70132
h(181.05-x6),-0.527587
h(x6-339.93),-0.658629
h(339.93-x6),0.561813
h(141.85-x4),0.0251101
h(98.87-x4),0.629146
h(70.42-x4),0.203422
h(x6-200.06),-0.162182
h(x4-119.4),0.140168
h(x6-185.16),1.28933
x1,1.54267
h(x2-0.3),22.8812
h(0.3-x2),5.09111
h(x6-187.94),-0.535753
h(x4-232.89),-0.0795607
h(266.2-x4),0.0594137
h(87.05-x4),-0.173434
h(100.28-x4),-0.716362
h(x4-45.65),-0.0489297
