Basis,Coeff
(Intercept),25.3673
h(x0-9.19),3.97205
h(9.19-x0),1.24388
h(x1-11.54),8.76156
h(11.54-x1),-1.58425
h(x5-1.41),-10.9898
h(1.41-x5),-3.92122
h(x3-16.25),0.849132
h(16.25-x3),-0.120404
h(339.11-x4),0.0309306
h(x0-13.6),2.06091
h(x2+2.64),-0.846633
h(-2.64-x2),-34.0674
h(x0-15.3),-14.3951
