Basis,Coeff
(Intercept),9.98063
h(x0-1.73),-1.16701
h(1.73-x0),-2.26254
h(12.69-x1),-0.894292
x2,1.21973
h(x6-229.92),-0.0330624
h(x4-337.42),-0.113697
h(337.42-x4),0.00748063
h(25.02-x6),-0.260759
h(x6-209.24),0.022384
h(x3-9.91),-0.797792
h(x2-0.15),-9.99644
