Basis,Coeff
(Intercept),63.7139
h(-0.89-x2),14.1637
h(5.11-x1),-18.451
h(x6-72.87),-0.204949
h(72.87-x6),0.165917
h(x0-7.42),-8.38784
h(7.42-x0),-0.761776
h(x4-255.3),-0.0167655
h(255.3-x4),-0.0046717
h(351.96-x6),-0.199868
x3,0.101121
