Basis,Coeff
(Intercept),10.7549
h(13.28-x0),12.1892
x5,2.27888
h(x6-290.21),-2.23599
h(x6-141.75),-0.519868
h(x6-106.09),0.440968
h(168.98-x6),0.24195
x1,2.73427
h(x6-238.9),0.281675
h(x4-218.1),0.0148392
h(218.1-x4),0.00810815
h(x2-0.7),-28.4851
h(0.7-x2),-1.86188
h(213.31-x6),-0.125608
h(x6-255.61),-0.222309
h(x6-289.05),2.20385
h(50.54-x6),-0.0957853
x3,0.377146
h(14.95-x0),-14.9003
