Basis,Coeff
(Intercept),23.4796
h(x0-7.69),5.23929
h(186.51-x6),0.0276079
h(x0-11.68),1.28815
h(11.68-x0),6.51668
h(x1-12.38),-258.869
h(12.38-x1),-2.05597
h(x2-0.63),-183.458
h(0.63-x2),2.86038
h(13.36-x0),-6.00159
h(x0-9.15),-3.00647
h(x6-285.7),0.0386745
h(285.7-x6),-0.0115267
