Basis,Coeff
(Intercept),110.336
h(x0-8.78),-37.8153
h(145.72-x6),-0.0629915
h(x0-11.13),4.20843
x1,0.877353
h(x6-109.78),-0.438862
h(109.78-x6),0.535229
h(x0-9.02),32.276
h(x3-3.17),0.218133
h(x0-6.92),7.36688
h(x2+1.98),1.22813
h(-1.98-x2),13.7947
h(282.14-x6),0.0475388
h(354.68-x6),-0.484649
