Basis,Coeff
(Intercept),28.9992
h(x0-9),4.09813
h(9-x0),-2.51504
h(x3-17.68),0.86976
h(17.68-x3),-0.128226
h(11.82-x1),-2.16842
h(x2+0.88),-7.11973
h(-0.88-x2),-1.67812
h(x6-126.25),-0.0288526
h(126.25-x6),-0.00592585
x5,0.561035
