Basis,Coeff
(Intercept),9.58456
h(x0-9),4.34688
h(9-x0),-1.54479
h(x3-17.68),0.938601
x1,1.10918
h(x3-24.28),-2.13492
h(24.28-x3),-0.168541
h(22.22-x6),0.135335
h(x4-36.75),-0.0806683
h(36.75-x4),-0.058744
h(x6-117.46),-0.0625819
h(117.46-x6),-0.0309975
x5,0.744858
h(x6-167.03),0.0680973
h(x4-58.78),0.0818902
