Basis,Coeff
(Intercept),-10.8002
h(2.6-x5),-2.94776
h(x0-5.3),1.53773
h(5.3-x0),2.47098
x1,12.0867
h(-2.59-x2),-40.2832
h(x6-226.86),0.422605
h(226.86-x6),-0.52271
h(182.56-x6),0.402051
h(-0.91-x2),8.51652
h(x6-53.56),-0.162218
h(x6-133.51),0.0597594
h(x4-173.07),0.00183672
h(x6-180.86),-0.354673
