Basis,Coeff
(Intercept),-41.3425
h(x4-283.46),0.492983
h(283.46-x4),-0.404412
h(x0-12.57),4.39669
h(12.57-x0),-2.96141
x5,3.65452
h(x1-5.05),386.013
h(5.05-x1),6.66565
h(x6-148.01),0.277815
h(x4-344.89),0.536824
h(328-x4),0.41149
h(x4-341.82),-1.3034
x2,-1.26723
h(x6-202.66),-0.098159
h(62.2-x6),-0.132663
h(x6-295.07),-0.125973
h(295.07-x6),0.193383
h(136.42-x6),-0.133747
x3,0.214913
h(32.92-x6),0.141216
