Basis,Coeff
(Intercept),34.6029
h(x0-6.967),0.888663
h(x2-0.122),-3.27943
h(x3-18.699),1.11061
h(18.699-x3),-0.261983
h(x0-13.717),3.44272
h(13.717-x0),-2.73243
h(x6-201.518),0.00720484
h(201.518-x6),0.0103975
h(x5-1.756),1.55474
h(1.756-x5),-0.383195
h(x4-299.446),-0.0321992
h(299.446-x4),-0.00618028
h(x1-11.324),-10.4945
h(11.324-x1),-1.35152
h(x0-12.06),2.185
h(9.506-x0),1.06503
