Basis,Coeff
(Intercept),-93.2158
h(91.98-x6),-0.0535984
h(x0-13.37),13.4185
h(13.37-x0),-1.99921
x5,2.01037
h(x6-141.75),-0.393866
h(x6-106.09),0.492137
x1,2.01175
h(x6-232.5),0.191467
h(x6-299.15),-0.115771
h(x4-192.41),0.0105486
h(192.41-x4),0.00864213
x3,0.377727
h(162.99-x6),0.905359
h(216.45-x6),-0.16945
h(x2-0.72),-26.9836
h(x6-14.96),0.585558
h(14.96-x6),-0.770745
h(x6-159.34),-0.808372
