Basis,Coeff
(Intercept),-69.8093
h(51.54-x6),-0.120919
h(80.68-x4),0.184919
x5,5.04381
h(x2+1.35),-15.4103
h(x4-264.11),-0.123502
h(38.05-x4),-0.186351
h(5.11-x1),-6.40776
h(x0-7.66),6.28782
h(x2+0.87),15.0283
h(-0.87-x2),-4.3134
h(x4-7.51),0.0932873
h(x6-173.11),-0.464281
h(x6-179.25),1.35969
h(179.25-x6),-1.0049
h(x6-254.16),-1.9508
h(241.65-x6),0.994638
h(x6-259.65),1.00664
h(308.18-x4),0.0423442
