Basis,Coeff
(Intercept),10.5327
h(x2-0.63),83.8871
h(0.63-x2),34.2956
h(x1-11.51),-248.737
h(11.51-x1),-1.75857
h(93.36-x4),0.047419
h(132.52-x4),-0.0360881
x0,1.12858
