Basis,Coeff
(Intercept),-3787.5
h(x0-14.51),-3.1188
h(12.21-x3),0.82019
h(10.24-x0),6.90953
h(x6-24.6),0.125852
x5,0.977991
h(125.8-x6),-0.152363
h(x3-20.8),0.240924
h(20.8-x3),-0.776522
h(x0-9.03),3.59869
h(9.03-x0),-9.78864
h(x6-5.1),-1.02879
h(9.49-x6),0.573851
x1,1.30375
h(x2-0.56),28.0785
h(0.56-x2),3.49949
h(x6-308.47),0.0292686
h(x6-151.05),19.7175
h(151.05-x6),-19.6159
h(x4-56.47),2.51077
h(56.47-x4),-0.0341199
h(359.88-x6),18.8209
