Basis,Coeff
(Intercept),-19.8046
h(x0-5.5),2.99903
h(5.5-x0),-0.98235
x1,0.923802
h(91.61-x6),0.0702137
h(x5-4.46),31.7401
h(4.46-x5),-1.28557
h(x4-38.42),0.0052017
h(38.42-x4),-0.00806476
h(227.62-x6),-0.31888
h(302.66-x6),0.299141
h(x6-207.84),0.206694
h(x6-324.99),-0.22108
x2,-0.597173
