Basis,Coeff
(Intercept),21.7047
h(x0-9),4.48785
h(9-x0),-1.3387
h(x3-17.68),-1.35883
h(17.68-x3),2.43259
h(11.82-x1),-1.12297
h(x6-22.22),0.160879
h(24.28-x3),-2.60589
h(x6-117.46),-0.189277
h(117.46-x6),0.133842
x5,0.651689
h(x4-36.75),-0.0122078
h(36.75-x4),-0.0389187
