Basis,Coeff
(Intercept),18.628
h(x0-9.72),5.35733
h(9.72-x0),-1.48649
h(x1-11.73),4.58349
h(11.73-x1),-1.49977
h(x3-19.27),10.9356
h(x3-19.8),-11.0456
h(19.8-x3),0.156807
h(x4-165.82),-0.00698837
h(165.82-x4),-0.00520595
