Basis,Coeff
(Intercept),13.0326
h(x0-9.7),0.548476
h(11.47-x1),-1.12324
h(x3-7.52),0.452043
h(x0-7.62),3.03371
