Basis,Coeff
(Intercept),-63.6792
h(8.99-x0),-49.3621
h(x1-12.34),-130.923
h(12.34-x1),-1.90507
h(9.2-x0),45.9871
h(x3-10.61),0.378123
h(13.61-x0),11.4095
h(x0-6.89),14.7913
h(6.89-x0),-3.48583
h(x4-72.63),0.285977
h(72.63-x4),-0.0133182
h(x6-351.41),0.223859
h(x2-0.57),23.7301
h(0.57-x2),1.6007
h(x0-14.43),-12.2502
x5,-0.261441
