Basis,Coeff
(Intercept),80.9936
h(15.67-x0),-4.72709
h(x1-4.89),-164.864
h(x2+1.12),35.739
h(230.23-x6),0.159555
h(x6-185.38),-0.439466
h(185.38-x6),0.191392
h(315.88-x6),-0.345824
h(x6-172.19),0.1973
h(x6-119.72),0.368514
h(x6-124.38),-0.402529
h(x4-300.93),-0.0642435
h(188.69-x4),-0.0210213
h(0.17-x4),-11.0443
