Basis,Coeff
(Intercept),4.47161
h(x0-11.99),9.9394
h(11.99-x0),-3.10359
x1,1.61678
h(x6-74.65),0.132304
h(74.65-x6),0.179393
x5,8.72338
