Basis,Coeff
(Intercept),9.82678
h(1.01-x5),80.2173
x3,0.332021
x6,0.0816227
