Basis,Coeff
(Intercept),6.47359
h(5.05-x1),-1.3714
h(12.61-x3),-0.0510581
x5,-0.344796
h(x6-170.07),-0.00224002
h(x5-1.48),-12.1429
