Basis,Coeff
(Intercept),55.3648
h(x1-12.14),-400.684
h(12.14-x1),-4.90734
x2,-2.41846
h(x4-264.48),1.12986
h(x4-252.96),-0.511151
h(x4-270.06),-0.615711
