Basis,Coeff
(Intercept),27.8218
h(x0-3.41),2.8545
x5,2.51309
x1,0.289805
h(x6-110.1),1.75639
h(x6-261.78),0.0269483
h(261.78-x6),-0.207085
h(173.8-x6),0.292034
h(x6-112.86),-1.69196
h(x6-41.76),-0.129175
h(199.04-x6),-0.122784
h(x2-0.71),-40.6635
h(0.71-x2),-1.05818
h(283-x4),0.0193584
h(x6-307.21),0.171089
h(x6-136.29),-0.0897515
