Basis,Coeff
(Intercept),31.1791
h(x0-13.38),20.9556
h(13.38-x0),-2.57591
h(x1-11.65),-287.895
h(11.65-x1),-1.94318
h(x3-24.59),1.09561
h(24.59-x3),-0.31314
x5,0.748202
h(277.93-x6),0.0326061
x2,-2.4723
h(x4-310.45),-0.0287328
h(310.45-x4),-0.00503844
h(x6-28.24),0.0262016
h(28.24-x6),0.0563022
