Basis,Coeff
(Intercept),0.289618
h(9.11-x0),-3.61453
h(12.31-x1),-0.937939
h(10.91-x0),25.0491
h(x0-11.08),9.59337
h(11.08-x0),-31.5796
h(x0-12.9),14.0515
h(x0-13.65),-16.6757
h(9.63-x3),-0.102728
h(14.18-x0),8.50287
h(x6-279.43),0.0208007
h(279.43-x6),0.004687
h(2.51-x5),0.398871
