Basis,Coeff
(Intercept),30.8893
h(x0-9.91),12.9481
h(9.91-x0),-10.602
h(x6-176.5),0.0164995
h(261.01-x4),-0.0468702
h(4.95-x1),-6.15405
h(x4-313.5),0.247492
h(83.99-x4),0.0715352
h(63.61-x6),0.0459768
h(x4-283.66),-0.226425
h(x0-8.98),-8.67101
