Basis,Coeff
(Intercept),7.90647
h(x0-7.88),4.25036
x3,0.371941
h(x1-11.88),-425.947
h(11.88-x1),-0.749497
h(x5-4.38),10.3795
h(4.38-x5),-1.1075
h(x4-274.09),-0.0780404
h(274.09-x4),0.0140505
h(x6-274.26),0.0171783
h(274.26-x6),0.00861938
h(x4-60.19),0.0318519
