Basis,Coeff
(Intercept),77.9941
h(x0-10.85),-6.78608
h(x0-10.06),7.27751
h(10.06-x0),-1.58554
h(39.66-x6),-0.303942
x1,-13.5054
h(55.93-x6),0.284702
h(x6-31.06),0.164117
