Basis,Coeff
(Intercept),-182.302
x0,6.94434
h(x3-1.59),0.168202
h(10.78-x0),7.71747
x1,11.2626
h(x2-0.55),69.2233
h(0.55-x2),31.5079
