Basis,Coeff
(Intercept),44.8415
h(x0-3.91),2.3435
h(3.91-x0),1.49594
x5,3.95495
h(200.55-x6),0.984566
h(x1-11.75),-10.1323
h(6.76-x3),-1.86048
h(x2-0.49),-21.443
h(0.49-x2),-4.23262
h(x6-285.27),-0.340479
h(x3-10.66),-0.709583
h(x6-220.6),0.527449
h(220.6-x6),-0.25053
h(x6-324.44),0.282799
h(74.01-x6),0.120215
h(x6-127.93),-0.162961
h(166.98-x6),0.527763
h(194.95-x6),-1.00021
h(x6-159.35),-0.27563
h(x0-13.56),21.9996
h(208.7-x6),-0.38171
