Basis,Coeff
(Intercept),-26.0016
x1,4.65824
h(0.62-x2),8.66554
h(10.79-x0),2.97421
h(12.11-x0),-3.25676
