Basis,Coeff
(Intercept),28.6476
h(x0-13.64),13.9692
h(13.64-x0),-2.42968
x3,0.367862
h(11.65-x1),-2.13528
h(x2-0.71),-13.2839
h(0.71-x2),2.47792
h(25.45-x6),0.339963
x5,0.676843
h(x6-46.24),-0.00108669
h(46.24-x6),-0.123338
