Basis,Coeff
(Intercept),35.4218
h(x0-11.02),11.5672
h(11.02-x0),-7.11694
x1,1.0663
x3,0.20279
h(13.66-x0),-3.63559
h(x6-167.18),-0.126191
h(167.18-x6),0.165133
h(139.79-x6),-0.179973
h(x0-9),-8.66744
h(x6-156.95),0.136074
h(10.25-x0),5.87062
