Basis,Coeff
(Intercept),-155.846
h(x4-285.93),-0.163143
h(111.73-x4),0.0194703
x5,4.41214
h(-1.34-x2),-15.8712
x1,5.26315
h(-0.86-x2),12.58
h(x0-8.15),7.53252
h(8.15-x0),-0.442482
h(36.26-x4),-0.28003
h(307.11-x4),0.120214
h(x6-309.02),-0.0905144
h(12.97-x3),-0.237612
h(347.64-x6),0.34552
h(10.08-x4),0.399201
h(x4-56.29),0.148061
h(x6-51.54),0.331535
h(51.54-x6),-0.459997
