Basis,Coeff
(Intercept),22.4172
h(x0-12.6),5.08221
h(12.6-x0),-3.85542
h(166.1-x4),-0.00334949
h(x2+1.76),3.65435
h(-1.76-x2),1.64267
x3,-0.165915
h(x6-161.65),-0.00821696
