Basis,Coeff
(Intercept),43.4408
h(x0-14.56),24.5588
h(14.56-x0),-2.59325
h(x1-11.64),-262.873
h(11.64-x1),-1.8884
h(x3-16.28),0.938925
h(16.28-x3),-0.226017
h(x2-0.97),-320.053
h(0.97-x2),1.72896
h(x6-299.22),0.0366171
h(x6-109.65),-0.133745
h(109.65-x6),0.0270144
h(x6-150.34),0.0887138
h(x6-46.24),0.361634
h(x6-55.39),-0.320432
h(x4-17.29),-0.194672
h(x4-68.44),0.434828
h(68.44-x4),-0.149262
h(x4-72.96),-0.242275
