Basis,Coeff
(Intercept),30.2318
h(x0-2.06),-2.39532
h(2.06-x0),-2.03748
h(x6-194.37),0.0111954
h(x4-158.92),-0.129161
h(158.92-x4),0.139524
x2,1.80664
h(x1-5.16),0.505027
h(5.16-x1),-2.81463
h(x1-12.31),-2.83246
h(x6-229.92),-0.0232152
h(345.61-x4),-0.131703
h(x3-9.92),-0.797646
