Basis,Coeff
(Intercept),-139.325
x0,2.88303
h(x5-2.32),43.0619
h(2.32-x5),0.857422
h(x1-5.07),339.242
h(x6-83.56),0.00557538
h(83.56-x6),0.0174766
h(21.71-x4),0.0800586
x3,0.122873
x2,-0.207017
h(x4-55.22),-2.4929
h(55.22-x4),2.47453
h(7.91-x4),-2.11495
h(x4-4.63),1.23893
h(x4-8.83),1.25451
