Basis,Coeff
(Intercept),0.573754
h(10.26-x0),5.2827
h(x0-7.23),5.28911
h(7.23-x0),-5.62981
h(20.62-x3),-0.27536
h(x1-5.01),-82.1298
h(x5-1.17),-2.21948
x2,0.501344
