Basis,Coeff
(Intercept),53.4704
h(x0-11.119),3.90399
h(11.119-x0),-3.77837
h(x3-20.729),2.2162
h(20.729-x3),-0.263771
h(x2+1.669),-10.4238
h(276.796-x4),-0.242559
h(x2-0.136),5.06297
h(0.136-x2),-12.7731
h(x1-5.763),0.822532
h(5.763-x1),2.46223
h(x4-246.918),-0.10913
h(246.918-x4),0.233871
