Basis,Coeff
(Intercept),-3.30909
h(x0-12.55),6.08161
h(12.55-x0),-3.65524
h(x6-124.78),-0.0156701
h(124.78-x6),0.0616497
x1,5.9471
h(x0-15.26),-19.3701
