Basis,Coeff
(Intercept),-34.9888
x0,4.11982
h(x6-150.66),0.0537344
h(150.66-x6),0.134763
h(x4-266.05),-0.190379
h(266.05-x4),0.0778828
x5,0.812151
h(x4-342.16),0.151384
h(x4-9.67),0.100167
x1,-2.66935
x3,-0.174947
