Basis,Coeff
(Intercept),20.986
h(x0-8.77),-6.83662
h(x0-7.97),6.61422
h(x6-71.1),-0.0502502
h(x3-4.94),-3.56107
