Basis,Coeff
(Intercept),96.3057
x0,0.444035
x4,-0.108014
x3,0.952572
x1,-10.6623
