Basis,Coeff
(Intercept),50.5442
h(x0-12.42),5.2939
h(12.42-x0),-3.18605
h(12.35-x1),-3.22812
h(x2+1.18),-10.0162
h(-1.18-x2),-3.36351
h(x3-13.76),0.555553
h(13.76-x3),0.122717
h(x6-134.33),0.095108
h(x6-117.67),-0.103237
h(117.67-x6),-0.595165
