Basis,Coeff
(Intercept),-152.669
h(x1-12.63),824.866
h(12.63-x1),-2.27386
h(x0-9.18),17.949
h(9.18-x0),-14.7311
x5,1.73063
h(x3-27.62),1.62355
h(27.62-x3),-0.235837
h(x6-106.55),-0.0826699
h(x0-4.97),-14.2619
h(x6-313.97),-0.735129
h(313.97-x6),0.786095
h(x6-13.96),0.849365
x2,-1.30412
h(8.8-x6),-0.672836
