Basis,Coeff
(Intercept),20.6318
h(x0-7.69),-8.86535
h(7.69-x0),14.421
h(8.69-x0),-14.6481
h(x5-1.78),-16.8071
h(x6-261.55),-0.00520778
h(5.73-x4),0.207349
h(28.66-x4),-0.014906
h(-0.9-x2),-0.877547
