Basis,Coeff
(Intercept),5.9859
h(x0-8.29),11.6585
h(8.29-x0),-0.1925
h(x1-5.05),3.10999
h(5.05-x1),-0.967894
h(x6-140.96),-0.00128224
