Basis,Coeff
(Intercept),27.8518
h(x0-13.7),29.0042
h(x2-0.57),-158.539
h(0.57-x2),10.3067
h(11.54-x1),23.9308
h(323.05-x6),0.0317816
h(x5-3.54),22.7229
h(3.54-x5),0.257111
h(46.73-x4),-0.582246
x3,0.261338
h(x0-13.92),-27.1097
h(13.92-x0),-2.07165
h(26.56-x4),0.572005
h(x4-53.96),0.243344
h(x4-43.74),1.14327
h(x4-31.84),-0.321516
h(x4-21.55),-0.253659
h(x4-44.71),-0.812145
x6,0.0274653
