Basis,Coeff
(Intercept),24.2091
h(11.16-x0),-8.37251
h(11.53-x1),-1.00322
h(x3-4.28),0.472457
h(4.28-x3),-0.787799
h(x0-10.5),1.89671
h(10.5-x0),6.3271
h(5.85-x3),0.632642
