Basis,Coeff
(Intercept),-49.1239
x0,4.74255
x5,2.4397
h(x4-292.11),-0.0296124
h(292.11-x4),-0.00763203
x1,3.11959
h(x6-165.47),-0.0274791
