Basis,Coeff
(Intercept),1647.43
h(x4-5.24),0.270582
h(x4-33.39),-6.23084
h(x4-32.12),-3.78458
h(32.12-x4),5.49042
h(x4-33.83),4.51426
h(347.03-x4),-5.22983
h(x4-348.39),1.85936
h(x4-346.38),3.44612
h(x0-8.27),2.84262
h(8.27-x0),-0.752069
x5,-0.341922
x2,0.924676
