Basis,Coeff
(Intercept),45.594
h(13.52-x0),-5.97239
h(11.48-x1),-2.22066
h(x0-12.18),4.44163
h(12.18-x0),4.03746
h(x2+2.6),-2.33751
h(-2.6-x2),-24.3555
h(x3-13.99),0.444677
h(13.99-x3),-0.234425
h(94.7-x6),-0.0666083
h(173.49-x6),0.0344614
