Basis,Coeff
(Intercept),-143.468
h(14.43-x0),-3.02835
h(x6-129.62),1.7948
h(129.62-x6),-1.85806
h(0.51-x2),-219.587
x3,0.285871
h(x6-280.96),-1.27873
h(x5-2.69),-1.40313
h(2.69-x5),-0.846047
h(x1-12.21),-219.839
h(12.21-x1),-4.28888
h(x2-0.09),-215.865
h(0.09-x2),212.316
h(x6-293.44),-0.74517
h(x6-302.04),0.251699
h(283.17-x6),1.82511
h(x6-342.8),-0.073605
h(50.02-x4),-0.0671684
h(x4-57.95),1.01117
h(0.48-x4),13.0683
h(5.3-x4),-1.062
h(x4-53.86),-1.00827
