Basis,Coeff
(Intercept),-18.2398
x5,1.14605
h(x6-319.63),0.824507
h(313.35-x6),-0.0796601
x0,0.399124
h(x6-318.62),-1.89559
h(x6-316.71),1.159
h(300.84-x6),0.0702387
h(351.56-x4),0.581841
x2,-0.795412
h(x6-323.83),-0.483328
h(x4-57.58),0.0441157
h(x4-324.24),0.465486
h(324.24-x4),-0.542663
x1,0.620818
