Basis,Coeff
(Intercept),-109.232
h(x0-8.07),1.39536
h(8.07-x0),-7.57689
h(x1-12.37),-172.071
h(12.37-x1),-2.1236
h(x5-2.56),5.71701
h(0.67-x2),108.455
h(x2+0.65),108.377
h(-0.65-x2),-97.8143
h(x6-348.67),-0.0859231
h(348.67-x6),-0.0168969
h(x4-130.3),-0.128518
h(x4-153.96),0.0505419
h(x3-2.52),-0.792218
h(x4-119.28),0.0798449
h(12.15-x3),-0.911527
