Basis,Coeff
(Intercept),-175.709
h(x1-4.02),2.30196
h(4.02-x1),10.7906
h(x0-11.12),20.6097
h(11.12-x0),-1.82082
h(x6-298.89),0.167106
h(x3-11.43),-0.504316
h(11.43-x3),0.658263
h(x6-320.77),-0.93894
h(320.77-x6),0.658196
h(x6-24.15),0.633772
h(171.42-x6),-0.0639249
h(2.81-x5),-2.26176
h(x3-4.49),0.750141
