Basis,Coeff
(Intercept),-270.17
h(x0-3.41),2.86103
x5,2.48647
x1,0.304557
h(x6-110.1),1.75752
h(x6-261.78),-1.95611
h(261.78-x6),1.77923
h(x6-173.8),0.297282
h(112.86-x6),-1.68659
h(41.76-x6),-0.138403
h(x6-199.04),-0.126783
h(x2-0.71),-40.5935
h(0.71-x2),-1.03353
h(283-x4),0.0191163
h(x6-307.32),0.166945
h(x6-136.29),-0.0977349
