Basis,Coeff
(Intercept),20.4206
h(11.83-x0),-2.28901
h(59.21-x6),0.0293955
h(x2+1.64),42.9268
h(-1.64-x2),14.6179
h(303.1-x4),0.0192554
h(x6-52.93),-0.0532518
