Basis,Coeff
(Intercept),344.62
h(x0-10.78),-2.31719
h(10.78-x0),-3.50962
x1,-25.6758
h(x5-4.14),-50.0848
h(x4-6.06),-0.0115513
h(6.06-x4),-0.890394
h(30.09-x3),-0.637295
h(0.67-x2),-19.037
