Basis,Coeff
(Intercept),-7.03079
x1,1.91902
h(x3-6.55),0.467655
h(6.55-x3),-0.182706
h(x2-0.53),32.3364
h(0.53-x2),2.04419
h(x0-7.6),2.81963
h(7.6-x0),-0.809434
