Basis,Coeff
(Intercept),30.5877
h(x0-10.42),10.0402
h(10.42-x0),-3.2307
h(x6-221.1),0.0301487
h(221.1-x6),0.0143518
h(12.34-x1),-1.15112
h(x3-18.38),0.666838
h(18.38-x3),-0.0335127
h(0.54-x2),2.40973
h(x4-340.09),-0.0186094
h(340.09-x4),0.338634
h(x0-9.11),-6.03206
h(19.04-x6),-0.140297
