Basis,Coeff
(Intercept),45.0702
h(x0-9.41),-22.7401
h(9.41-x0),-5.74181
h(x2-0.39),-21.2821
h(0.39-x2),-3.65527
h(4.78-x0),5.12348
h(17.68-x6),0.189663
h(x1-12.64),34.7782
h(12.64-x1),6.9664
h(329.46-x6),-0.0401526
h(x6-7.94),-0.0349424
h(7.94-x6),-0.248657
h(x5-2.67),2.52064
h(2.67-x5),-0.41659
h(155.07-x6),-0.00718342
