Basis,Coeff
(Intercept),19.6792
x0,2.6193
h(286.2-x6),0.0865908
x3,0.271143
x2,85.0296
x1,-9.20549
h(x6-266.12),-0.0418094
h(x6-348.23),-0.106096
h(348.23-x6),-0.158351
h(x4-300.02),-0.0113331
h(300.02-x4),-0.00238482
h(0.98-x2),91.1592
x5,0.141452
h(334.24-x6),0.0739872
