Basis,Coeff
(Intercept),15.5926
h(x0-8.29),4.63741
h(8.29-x0),-0.479641
h(x4-291.31),-0.0622135
h(291.31-x4),-0.0373526
h(163.3-x6),0.013678
h(x6-73.75),-0.228232
h(73.75-x6),-0.158381
h(x6-101.12),0.233892
h(208.82-x4),0.0315901
