Basis,Coeff
(Intercept),-295.441
x0,25.5147
h(173.75-x6),0.037969
h(12.22-x0),22.7564
h(x0-12.37),-25.9437
h(x1-4.41),6.27878
h(-1.66-x2),3.62904
h(89.09-x6),-0.0659335
h(x4-354.66),0.391018
x5,1.16498
