Basis,Coeff
(Intercept),34.3051
h(x0-9.65),5.40298
h(9.65-x0),-1.03807
h(12.32-x1),-2.8568
h(x6-188.42),0.0433494
h(x2+0.93),-7.98566
h(x6-41),-0.0353521
h(41-x6),-0.126049
h(x3-2.48),0.103503
x5,0.723431
