Basis,Coeff
(Intercept),84.4909
h(10.98-x0),9.69145
x1,2.60406
h(x3-4.77),0.678965
h(4.77-x3),0.231495
x2,-3.13062
h(x0-12.29),3.10915
h(12.29-x0),-11.5795
h(x6-54.3),-0.303666
h(158.49-x6),0.0688049
h(25.14-x6),0.304775
h(x6-291.02),0.234165
h(291.02-x6),-0.316826
