Basis,Coeff
(Intercept),-326.017
h(x3-27.98),8.19667
h(x4-37.56),-0.0849283
h(x1-11.69),-1.68708
h(11.69-x1),-1.62844
h(x3-28.47),-9.31887
h(28.47-x3),1.64889
h(x2-0.67),56.9134
h(0.67-x2),-1.81886
h(x6-321.5),-0.103997
h(31.66-x3),-1.95501
h(24-x6),0.103794
x5,0.462645
h(344.94-x6),1.10015
h(313.95-x4),-0.0527129
h(x4-0.85),0.921691
h(0.85-x4),4.23059
h(x4-3.25),-0.891085
x6,1.10708
h(x6-345.75),-0.912644
h(12.94-x0),-0.264033
