Basis,Coeff
(Intercept),10.4119
h(1.59-x3),1.38789
x1,1.05657
h(x0-10.78),5.6308
