Basis,Coeff
(Intercept),33.773
h(x0-12.81),5.47677
h(12.81-x0),-3.25195
h(11.53-x1),-2.00455
h(x2-0.55),23.3661
h(0.55-x2),3.31642
h(x6-14.98),0.0592722
h(11.29-x3),-6.85885
h(9.5-x3),4.46357
h(x3-12.79),0.792301
h(12.79-x3),2.38247
h(x6-46.14),0.177709
h(46.14-x6),0.0333024
h(x4-74.71),0.0544569
h(74.71-x4),-0.224812
h(x3-4.16),-0.548086
h(82.8-x4),0.197385
