Basis,Coeff
(Intercept),16.4964
h(x2-0.7),71.0476
h(0.7-x2),22.1959
x1,0.983466
h(x6-177.74),0.0756298
x6,0.0470467
h(x4-48.81),0.063267
x5,-2.18093
h(x6-46.14),-0.0956984
h(x0-10.72),0.704537
x4,-0.0542019
