Basis,Coeff
(Intercept),0.944585
h(x0-8.23),7.73362
h(8.23-x0),-0.308436
x1,1.04867
h(x0-9.31),-10.1033
h(x6-140.06),-0.00377517
h(x6-256.06),0.00586846
