Basis,Coeff
(Intercept),44.3213
h(7.69-x0),2.54583
h(x2-0.72),75.7872
h(x3-21.44),1.00398
h(21.44-x3),-0.192451
h(x4-333.04),-0.0522923
h(333.04-x4),-0.003716
h(x1-11.49),156.198
h(11.49-x1),-1.00127
h(x6-155.3),0.0759875
h(155.3-x6),-0.0591824
h(x0-13.05),15.3992
h(13.05-x0),-3.45634
h(x6-30.61),-0.0737391
