Basis,Coeff
(Intercept),43.8867
x0,4.29526
h(x4-297.99),0.165497
h(x5-4.11),-27.877
h(4.11-x5),-3.42893
x3,-0.307646
h(x6-50.01),0.0244777
h(228.23-x6),-0.195387
h(178.02-x6),0.242839
h(343.73-x4),-0.260384
h(x1-5.04),220.367
h(5.04-x1),3.06584
h(283.31-x6),0.121159
h(77.71-x6),0.569481
h(66.31-x6),-0.773987
h(191.22-x4),-0.123167
h(x4-110.17),-0.311714
h(110.17-x4),0.406874
h(202.82-x6),-0.0973948
