Basis,Coeff
(Intercept),-21.0709
h(11.08-x0),-8.87444
h(x3-8.27),0.389865
h(x0-12.2),22.5677
h(10.31-x0),7.15672
x1,8.5256
h(x2+1.65),-6.42243
h(-1.65-x2),3.97538
x5,0.802575
