Basis,Coeff
(Intercept),26.5784
h(x0-9.71),14.1162
h(x1-12.34),162.548
h(12.34-x1),-1.28858
h(x0-9.12),-19.6449
h(12.88-x0),41.9121
h(x0-13.02),3.18645
h(13.02-x0),-42.9281
h(x0-7.53),7.40263
h(x6-198.75),0.0305486
h(198.75-x6),0.0300898
