Basis,Coeff
(Intercept),143.604
h(x0-9.67),2.08327
x5,-0.572557
h(x6-7.18),0.0516057
h(7.18-x6),0.185623
h(241.07-x6),-0.0478153
x1,-11.4574
x2,-5.305
x3,0.234734
h(292.97-x4),-0.0154371
h(279.06-x6),0.0983369
h(x4-11.96),-0.0130817
h(11.96-x4),-0.0337642
