Basis,Coeff
(Intercept),-6.57246
h(x0-4.8),3.47408
h(4.8-x0),1.98734
x2,-6.45472
x3,0.452281
h(x4-284.51),-0.0386759
h(284.51-x4),-0.00737855
x5,-0.888209
