Basis,Coeff
(Intercept),-7.54918
h(1.73-x0),-1.93564
x2,2.02434
x1,2.88418
h(229.92-x6),-0.0341814
h(x6-247.99),0.210589
h(x4-94.06),-0.00648629
h(x6-179.7),-0.0450596
h(x6-195.08),0.0236176
