Basis,Coeff
(Intercept),50.0407
h(x6-290.47),-0.0501972
h(67.27-x4),0.0810492
h(107.74-x4),-0.0422531
x1,-1.04905
x3,-0.237489
