Basis,Coeff
(Intercept),86.9171
h(x3-27.72),4.64987
h(14.17-x0),-1.55869
h(x3-28.73),-4.93813
h(28.73-x3),-0.422877
h(x6-109.24),-0.126723
x1,-2.41322
h(x2-0.7),91.1187
h(0.7-x2),-5.48158
x5,1.09931
h(x6-347.65),1.15444
h(x6-331.58),1.06812
h(331.58-x6),-1.90584
h(342.15-x6),2.35362
h(x6-344.85),-2.01598
h(349.57-x6),-0.64626
h(313.08-x6),0.108598
h(3.03-x6),0.53721
h(17.75-x3),-0.529585
h(21.77-x4),-0.0503053
