Basis,Coeff
(Intercept),339.476
h(x1-4.96),-247.119
h(4.96-x1),-17.9817
h(x6-154.55),0.216738
h(x6-203.66),2.77406
h(x6-171.49),-3.29681
h(171.49-x6),3.73813
h(x6-61.76),-0.476014
h(x2+1.29),28.1135
h(-1.29-x2),7.33517
h(335.91-x6),-1.05933
h(x4-43.93),0.0771765
h(x3-4.22),-33.7294
h(4.22-x3),0.387858
h(202.8-x6),-3.02898
x5,1.06826
h(x6-163.38),-0.318161
h(x0-12.22),10.1706
x4,-0.0709911
