Basis,Coeff
(Intercept),57.7347
h(x4-276.53),-0.118499
h(231.81-x6),0.515989
h(x6-203.76),-0.167114
h(x6-157.29),0.0551648
h(242.01-x6),-0.33138
x2,-3.48564
x3,-0.187286
h(315.98-x6),-0.164778
h(x4-358.84),-1.47885
h(11.75-x4),0.10401
h(15.71-x0),-4.95485
h(342.24-x4),-0.998665
h(346.15-x4),0.970143
h(x4-338.28),0.274315
