Basis,Coeff
(Intercept),17.4449
h(x0-1.77),-1.23711
h(1.77-x0),-2.35724
h(x1-12.8),-11.2676
h(12.8-x1),-0.961238
x2,1.06665
h(x4-340.3),-0.10055
h(x6-73.44),-0.0235664
h(253.46-x6),-0.032146
x3,-0.0257051
h(x4-98.53),-0.00832758
