Basis,Coeff
(Intercept),-33.2035
h(x0-9.08),2.67796
h(9.08-x0),-5.03508
h(286.2-x6),0.0628344
x3,0.285942
x2,121.067
h(x4-300.02),-0.013816
h(300.02-x4),-0.00299844
h(x6-241.1),0.0413815
h(241.1-x6),-0.0613744
x1,-6.38598
h(x6-348.23),-0.251229
x5,0.17282
h(0.98-x2),127.3
h(x6-334.24),0.0678402
