Basis,Coeff
(Intercept),27.7775
h(13.39-x0),17.3504
h(0.56-x2),1.15068
h(x3-1.29),0.236989
h(1.29-x3),4.36876
h(13.94-x0),-20.1932
x1,1.38614
h(x6-28.24),-0.0234911
h(28.24-x6),-0.0591447
x5,-0.844335
h(x4-296.81),-0.0200302
h(296.81-x4),-0.0585112
h(x0-8.93),0.698647
