Basis,Coeff
(Intercept),22.0214
h(325.2-x4),-0.437413
h(327.36-x4),0.436964
