Basis,Coeff
(Intercept),-18.9466
h(x0-10.02),10.4014
h(10.02-x0),-11.7645
x1,3.79356
h(x6-104.53),-0.149135
h(12.13-x0),7.79068
h(x6-69.05),0.0533761
h(x4-36.63),0.00571619
h(36.63-x4),0.0550501
h(x6-156.97),0.151613
