Basis,Coeff
(Intercept),9.85166
h(x2+1.87),6.83782
h(-1.87-x2),20.6933
h(x1-4.4),19.1652
h(4.4-x1),13.4429
h(12.73-x0),-1.39466
h(x4-297.38),0.0491936
h(297.38-x4),-0.0800029
h(346.71-x4),0.0762784
h(0.13-x4),11.5311
