Basis,Coeff
(Intercept),53.5886
h(13.43-x0),7.21575
h(x1-12.42),41.3023
h(12.42-x1),-1.68205
h(x3-10.2),0.383416
h(x5-3.58),8.8705
h(3.58-x5),0.610821
h(15.35-x0),-9.97758
