Basis,Coeff
(Intercept),67.9951
h(10.91-x0),-6.75094
h(x2-0.97),45.586
h(0.97-x2),14.4693
h(10.74-x0),6.11488
h(x6-322.55),0.397064
h(344.69-x6),-0.625532
h(x6-269.71),-0.694588
h(269.71-x6),0.622163
h(x4-146.7),0.0987405
h(146.7-x4),-0.0371187
h(115.84-x4),0.0700972
h(x4-136.79),-0.0817036
h(4.09-x5),-0.514485
