Basis,Coeff
(Intercept),-20.6854
h(x0-12.25),4.92678
h(x1-11.83),7.22522
h(11.83-x1),-1.29662
h(103.15-x4),-0.142594
h(x3-22.2),2.34575
h(22.2-x3),-0.124036
h(234.98-x6),0.18134
x2,-4.01933
x5,0.810238
h(x4-79.26),0.0782136
h(309.99-x4),0.695797
h(x4-340.1),-2.0081
h(x4-349.97),1.90845
h(349.97-x4),-0.0938983
h(301.08-x4),-0.499132
h(x0-3.43),4.37133
h(3.43-x0),6.64532
h(1.72-x0),-11.775
h(x0-8.58),-2.70441
h(x4-329.5),0.576874
h(7.99-x4),0.418089
