Basis,Coeff
(Intercept),90.4974
h(x0-9.53),7.42488
h(9.53-x0),-7.80133
h(x6-179.1),0.114138
h(x4-334.25),-0.112206
h(334.25-x4),-0.00996737
h(x0-4.25),-6.65683
x1,-5.0202
h(x6-64.46),-0.103846
h(64.46-x6),-0.137269
h(7.09-x0),3.47156
h(x2+2.39),-1.73047
h(-2.39-x2),-2.4583
h(x6-283.21),0.0224451
