Basis,Coeff
(Intercept),10.3655
h(7.61-x0),8.35955
h(33.26-x4),-0.0264675
h(5.54-x4),0.270188
h(8.11-x0),-8.59685
h(-0.95-x2),-1.01076
