Basis,Coeff
(Intercept),236.949
h(12.3-x0),-2.94546
x1,-12.2663
h(x2-0.7),252.908
h(0.7-x2),7.65335
h(67.06-x6),0.530121
x3,0.226937
h(x4-147.66),-0.0042591
h(70.2-x6),-0.275854
h(x6-59.43),-0.231117
h(334.24-x6),0.106965
x5,-0.431258
h(353.66-x6),-0.336475
h(97.41-x6),-0.0203274
