Basis,Coeff
(Intercept),301.621
h(x0-10.42),-6.93329
h(10.42-x0),11.9782
h(x1-11.6),-8.57531
h(11.6-x1),-2.71762
h(x3-8.77),0.389996
h(8.77-x3),0.84499
h(x2+0.73),-6.73526
h(13.1-x0),13.3123
h(x6-338.92),-11.3639
h(338.92-x6),11.023
h(x2-0.56),29.7231
h(347.83-x6),0.526629
h(x6-287.67),0.0439394
h(13.56-x0),-22.5104
h(359.64-x6),-11.5503
h(x0-13.92),13.6902
h(9.94-x0),-5.72497
