Basis,Coeff
(Intercept),27.2636
h(30.16-x3),-1.0872
h(x2+0.58),16.3206
h(11.57-x0),-9.70662
h(x4-322.57),-0.83739
h(322.57-x4),-0.0895951
h(12.33-x1),20.0771
h(11.91-x0),8.70018
h(x0-8.81),-16.2387
h(x0-8.62),17.1412
x5,0.802111
