Basis,Coeff
(Intercept),22.4349
h(x0-9.88),4.7674
x5,1.8335
h(x4-257.95),-0.0288017
h(257.95-x4),-0.0122169
h(14.64-x3),-0.168428
h(5.04-x1),-3.31133
h(225.49-x6),0.180872
h(x6-305.92),-0.138393
h(305.92-x6),-0.104451
h(8.96-x0),-4.17019
h(202.21-x6),-0.0722988
