Basis,Coeff
(Intercept),106.581
h(95.81-x6),-0.0969898
h(x0-15.33),37.1698
h(15.33-x0),-4.85251
h(6.47-x5),-1.76187
h(303.55-x6),-0.434827
h(12.83-x1),-2.43991
h(x6-137.51),-0.294114
h(x4-228.6),0.0106277
h(228.6-x4),0.00896665
h(x3-4.08),153.257
h(4.08-x3),-0.319066
h(x6-282.33),0.20209
h(x6-310.49),0.160655
h(310.49-x6),3.90867
h(308.01-x6),-3.68661
h(x2-0.69),215.624
h(0.69-x2),2.57839
h(67.21-x6),0.21738
h(x6-106.39),0.424422
h(x6-19.7),-0.323724
h(11.63-x1),-10.2778
