Basis,Coeff
(Intercept),239.829
h(x3-26.9),2.34984
h(x4-14.46),-0.659452
h(x3-29.32),-2.31286
h(12.05-x4),0.650854
h(x4-309.83),0.558808
h(309.83-x4),-0.668898
x1,-1.21455
x0,0.615719
x5,0.61639
h(0.67-x2),-3.68014
