Basis,Coeff
(Intercept),-9.6997
h(x0-7.44),1.96031
h(x2+1.14),-4.12113
h(-1.14-x2),4.12856
h(x3-15.02),0.411238
h(15.02-x3),-0.289327
h(x6-27.21),0.0329477
h(27.21-x6),-0.191412
h(x0-10),1.11775
x1,2.60433
h(185.96-x6),0.0524788
h(53.9-x6),0.0252274
h(x3-21.49),-0.445649
