Basis,Coeff
(Intercept),-319.015
h(x2+1.61),138.365
h(-1.61-x2),-144.914
h(x0-8.77),7.08575
h(8.77-x0),-1.18851
x3,0.156916
x1,0.925143
h(0.7-x2),139.121
h(x0-9.72),-3.09834
x4,0.00750743
