Basis,Coeff
(Intercept),-163.765
h(12.3-x0),-2.00514
h(x6-1.86),1.28369
h(x6-283.9),0.0819525
x2,-6.97546
x1,-11.6244
h(18.84-x4),-0.0758618
h(169-x6),0.352275
h(x6-154.24),-0.164421
h(x6-180.26),-1.36529
h(180.26-x6),0.941652
h(185.88-x6),0.391785
h(348.07-x6),-0.226831
h(x4-0.51),1.9567
h(192.09-x6),-0.180579
h(135.95-x4),-0.378791
h(x4-77.08),-2.17078
h(77.08-x4),2.13383
h(x4-115.13),0.214317
h(144.76-x4),0.208201
