Basis,Coeff
(Intercept),39.2102
x1,2.77135
h(x6-321.73),-0.498064
h(91.19-x4),-0.857964
h(x0-11.16),24.8463
h(11.16-x0),-2.42843
h(80.81-x4),0.520526
h(x4-109.87),-0.0333501
h(109.87-x4),0.318315
h(182.84-x6),0.802884
h(359.14-x6),12.0247
x3,0.638831
h(x6-333.78),9.91811
h(289.19-x6),0.323261
h(54.72-x4),0.315559
h(x6-334.15),-9.49077
h(x6-340.97),1.27127
h(x6-345.2),11.2189
h(345.2-x6),-13.7659
h(x6-224.72),-1.37997
h(229.49-x6),0.844161
h(6.61-x5),-8.22053
