Basis,Coeff
(Intercept),-7.9021
h(1.73-x0),-1.94788
x2,1.96054
x1,2.85559
h(229.92-x6),-0.0342832
h(x6-247.99),0.211427
h(159.03-x4),0.0075037
h(x6-179.7),-0.0454916
h(x6-195.08),0.0247195
