Basis,Coeff
(Intercept),-47.2675
x0,4.58441
h(149.43-x6),0.0963997
h(x4-270.69),-0.260342
h(270.69-x4),0.0375008
h(x4-22.74),0.0697436
h(293.41-x6),0.130169
h(x6-226.16),0.11494
h(226.16-x6),-0.187849
h(x4-298.06),0.154967
h(x6-328.2),-0.583794
x2,0.707942
