Basis,Coeff
(Intercept),34.8043
h(8.32-x0),6.45448
h(155.07-x6),0.0574238
h(x4-277.54),-0.0769156
h(277.54-x4),-0.0285912
x5,0.819466
h(41.32-x4),0.0614071
h(339.42-x6),-0.823473
h(20.31-x6),-0.777471
h(x1-5.11),-328.603
h(5.11-x1),2.10077
h(x0-4.33),4.19511
h(4.33-x0),-18.2713
h(x3-19.4),2.54985
h(19.4-x3),-0.152641
h(x6-295.02),-0.756238
h(295.02-x6),0.792261
