Basis,Coeff
(Intercept),14.8674
h(324.01-x4),0.260212
h(9.98-x3),2.58803
