Basis,Coeff
(Intercept),-90.7237
h(12.93-x1),-2.83404
h(14.91-x0),15.0592
h(4.92-x5),-1.39788
h(x6-249.45),0.0208571
h(249.45-x6),-0.0142119
h(x4-125.2),-1.65274
h(125.2-x4),0.315198
h(27.97-x3),12.8942
h(x2+2.67),-5.18344
h(-2.67-x2),-46.7829
h(7.57-x0),3.77653
h(x4-127.29),1.22873
h(263.49-x4),-0.370444
h(x4-306.75),0.324185
h(x0-2.43),17.8618
h(2.43-x0),-24.0537
h(x3-28.65),-0.516069
h(28.65-x3),-13.1804
h(x4-186.87),0.113654
