Basis,Coeff
(Intercept),1.05828
h(x0-7.51),2.78701
x1,0.902985
h(3.64-x3),0.419261
h(35.34-x6),-0.167068
h(x4-112.08),-0.194322
