Basis,Coeff
(Intercept),-10.6271
h(x0-13.13),6.14728
h(13.13-x0),-2.36646
x2,-7.07054
h(x6-267.09),0.0114576
h(267.09-x6),0.00273593
h(x4-20.8),-0.58222
h(44.99-x4),0.624855
h(x4-4.48),1.40067
h(x1-12.33),126.398
h(12.33-x1),7.46571
h(x0-14.41),-25.5882
h(42.54-x6),-0.0206164
h(x4-37.88),-0.654963
h(x4-52.16),-0.165072
h(32.72-x4),0.289457
x5,0.300303
