Basis,Coeff
(Intercept),44.3387
h(x0-9.81),0.891196
h(9.81-x0),-3.33078
h(292.12-x6),0.470831
x2,-10.9765
h(x6-151.94),-0.0535567
h(342.79-x6),-0.12136
h(191.59-x6),0.0244936
h(286.2-x6),-0.388077
h(x4-170.85),0.0345667
h(65.88-x4),-0.0828546
x4,-0.0226529
h(x6-265.92),0.0285878
h(25.45-x4),0.155223
h(4.09-x5),-0.580116
