Basis,Coeff
(Intercept),163.088
h(12.15-x0),-1.6422
x5,-1.29869
h(x6-241.17),0.0123943
h(x6-334.34),0.0858324
x1,-11.825
h(11.66-x4),0.0958633
h(x2-0.7),126.903
h(x3-1.3),0.132023
h(1.3-x3),-0.561504
