Basis,Coeff
(Intercept),18.7386
h(x0-11.28),5.16077
h(261.67-x4),-0.158339
h(x6-298.46),0.181213
h(x0-7.18),-2.27415
h(13.63-x0),-3.03376
h(x6-319.62),-0.232837
h(319.62-x6),-0.0402429
h(x4-69.41),0.0638529
h(157.48-x6),0.0566665
h(x6-261.19),-0.0743296
x5,0.562494
h(349.84-x4),0.173771
