Basis,Coeff
(Intercept),1.66649
h(x0-4.8),2.48057
h(4.8-x0),-6.03567
x2,-9.50334
h(173.83-x6),0.0183963
h(11.62-x0),8.38871
h(13.44-x0),-7.28066
h(x1-5.09),367.429
h(5.09-x1),-6.27992
h(11.58-x3),-0.240363
