Basis,Coeff
(Intercept),442.343
h(x1-4.96),-248.281
h(4.96-x1),-18.0632
h(154.55-x6),0.215003
h(x6-203.66),2.79763
h(x6-171.49),0.443696
h(x6-61.76),-2.96342
h(61.76-x6),2.48945
h(x2+1.29),28.0529
h(-1.29-x2),7.21029
h(x6-335.91),-1.0443
h(x4-42.93),0.00594036
h(42.93-x4),0.0710788
h(x3-4.22),-34.2366
h(4.22-x3),0.374082
h(202.8-x6),-3.05328
h(x6-163.38),-0.319663
h(x0-12.22),10.1059
h(2.39-x5),-1.07711
