Basis,Coeff
(Intercept),-72.2069
x0,3.08694
h(x6-151.36),0.165325
h(x4-14.18),3.13857
h(x4-19.43),-3.12114
h(19.43-x4),2.9962
h(110.21-x6),-0.0659734
x1,7.4009
h(-1.75-x2),7.57137
h(10.73-x4),-1.32185
h(x6-169.59),-0.177801
h(169.59-x6),0.0818011
h(x4-86.08),-0.0211082
h(16.13-x4),-1.63135
