Basis,Coeff
(Intercept),-63.5454
x1,2.4377
h(x0-12.83),43.6532
x5,1.76269
h(13.14-x0),-66.7672
h(274.33-x4),-4.95063
h(310.61-x4),0.704538
h(240.77-x4),0.672069
h(x2-0.59),-70.0969
h(0.59-x2),2.26231
x6,0.11902
h(x3-3.97),0.0476048
h(3.97-x3),-1.21133
h(12.22-x4),0.2528
h(x4-276.88),0.160409
h(276.88-x4),3.57606
h(x0-13.34),-36.414
h(13.34-x0),66.6882
