Basis,Coeff
(Intercept),-194.216
h(x2-0.42),-77.6339
h(x0-12.89),17.7247
h(12.89-x0),0.685822
h(18.47-x3),-1.46865
x1,-3.73959
h(x6-2.31),0.860145
h(16.7-x3),1.06674
h(20.31-x3),0.373652
x4,0.0270617
x5,0.413755
h(x6-330.87),-1.32899
h(330.87-x6),1.36889
h(357.69-x6),-0.508739
