Basis,Coeff
(Intercept),29.1593
h(x3-20.32),0.65
h(x1-11.63),-103.477
h(11.63-x1),-3.48925
h(x2-0.96),-241.375
h(0.96-x2),7.82092
h(x4-45.58),-0.165129
h(17.84-x6),0.148477
h(x0-12.74),10.9654
h(12.74-x0),-0.534877
h(60.78-x4),0.0984733
h(x4-33.47),-0.404535
h(18.61-x3),-1.45919
h(10.72-x3),1.08895
h(x4-24.59),0.560968
h(9.59-x0),-1.93409
h(x3-5.79),-0.623722
