Basis,Coeff
(Intercept),1565.96
h(11.28-x0),-2.54688
h(2.6-x5),-1.84581
x1,-308.978
x2,-10.566
h(x4-122.6),0.0106805
h(122.6-x4),0.0198872
h(x6-147.27),0.937502
h(203.71-x6),-0.557755
h(182.62-x6),1.10394
h(5.06-x1),-325.242
h(56-x6),-0.437396
h(x6-215.19),-0.14264
h(215.19-x6),0.338357
h(x6-151.06),-0.830889
h(x3-4.15),-19.9121
h(4.15-x3),-0.282995
h(181-x6),-0.771427
