Basis,Coeff
(Intercept),15.1903
h(x0-9.05),4.37666
h(9.05-x0),-2.34202
h(x1-11.5),12.9106
h(11.5-x1),-0.763765
x3,0.25141
h(x6-279.96),0.0198482
h(279.96-x6),0.00163546
h(-1.8-x2),-7.42682
h(x4-133.23),-0.0514694
h(133.23-x4),-0.031126
