Basis,Coeff
(Intercept),-0.0351773
x6,-1.03348
h(x5-1.17),-24.6178
h(1.17-x5),-32.28
x0,-0.876993
h(x0-10.59),-3.71061
h(10.59-x0),-3.20615
x4,0.0720677
x1,17.2783
h(x2+1.79),-7.03864
h(-1.79-x2),7.24705
h(x1-4.85),49.7517
h(4.85-x1),32.3029
h(x3-12.81),-0.402889
h(12.81-x3),1.52969
h(x6-77.32),0.888052
h(77.32-x6),-0.798382
