Basis,Coeff
(Intercept),49.6114
h(x0-12.55),-13.3049
h(12.55-x0),15.7593
h(x6-124.78),-0.015815
h(124.78-x6),0.0608127
x1,5.87053
h(15.26-x0),-19.4073
