Basis,Coeff
(Intercept),-35.1985
x5,4.80407
h(-0.87-x2),6.65263
h(x6-55.74),-0.0251547
h(55.74-x6),-0.121222
x1,6.82502
h(x0-5.55),0.500781
h(107.14-x6),0.0791795
h(x4-34.15),-0.294554
h(76.85-x4),0.0652537
h(268.03-x4),-0.102096
h(x4-9.73),0.438442
h(137.76-x6),-0.0614458
h(x4-104),-0.202497
h(104-x4),0.279626
