Basis,Coeff
(Intercept),-35.2429
x0,4.29581
h(x4-297.99),0.1425
h(297.99-x4),0.0234189
h(x5-4.11),-27.7066
h(4.11-x5),-3.42927
x3,-0.3087
h(x6-50.01),0.356656
h(50.01-x6),-0.256328
h(x6-228.23),-0.194612
h(178.02-x6),0.242712
h(x4-343.73),-0.260529
h(x1-5.04),220.411
h(5.04-x1),3.07382
h(x6-283.31),0.118343
h(x6-77.71),0.600749
h(x6-66.31),-0.8586
h(x4-191.22),-0.123396
h(x4-110.17),0.0953533
h(202.82-x6),-0.0972601
