Basis,Coeff
(Intercept),2.13594
h(x0-8.55),4.55493
h(8.55-x0),23.597
x2,-4.38723
h(32.26-x4),-0.0657928
h(18.52-x3),-0.4938
h(x1-11.62),6.82044
h(x5-4.73),314.669
h(4.73-x5),-0.948299
h(x6-347.93),0.0748522
h(347.93-x6),0.0330713
h(x6-104.55),-0.0491644
h(x6-39.01),0.0708467
h(x4-283.81),-0.0414628
h(x1-12.43),-369.957
h(12.43-x1),9.41692
