Basis,Coeff
(Intercept),47.0902
h(x2-0.47),115.011
h(0.47-x2),4.32232
h(x4-20.29),-0.440898
h(x6-270.89),0.087152
h(270.89-x6),-0.0456059
h(x6-109.5),-0.0664899
x3,0.25197
h(x4-6.29),1.20384
h(6.29-x4),-0.445085
h(x4-14.98),0.755361
h(x4-41.43),0.0461167
h(x4-8.06),-1.5749
h(14.55-x0),-4.91277
