Basis,Coeff
(Intercept),494.155
h(12.6-x0),0.378801
h(x6-180.79),0.0970486
h(17.4-x3),1.04963
h(x6-291.01),-0.0549238
h(x1-9.16),-157.892
h(9.16-x1),155.504
h(x2-0.64),38.3379
h(0.64-x2),3.39323
h(x0-10.96),3.6741
h(x3-10.58),2.39832
h(10.58-x3),-1.97626
h(21.92-x3),-0.89653
h(x6-168.33),-0.0680892
h(168.33-x6),0.0065551
h(27.76-x3),2.104
h(12.36-x1),-157.493
