Basis,Coeff
(Intercept),66.1614
h(11.79-x0),15.996
h(x3-5.94),0.733487
h(x1-12.32),-168.215
h(12.32-x1),-2.63322
h(x0-12.37),2.0231
h(12.37-x0),-15.7929
h(x2+2.64),-2.96789
h(-2.64-x2),-69.1342
h(x4-299.52),2.92249
h(299.52-x4),0.0391404
h(x6-43.07),-0.242875
h(x6-169.39),0.260499
h(169.39-x6),-0.209898
x5,0.711157
h(x0-6.07),1.94222
