Basis,Coeff
(Intercept),7.84268
h(x0-10.6),4.50895
h(10.6-x0),-2.22003
h(x1-12.37),50.5681
h(12.37-x1),-1.53041
h(x6-153.56),-1.04688
h(x2-0.54),37.5912
h(0.54-x2),4.07949
h(x6-195.58),1.45758
h(195.58-x6),-1.50101
h(154.58-x6),1.15641
h(-1.01-x2),-3.17916
h(x6-297.91),-0.0622488
h(346.56-x6),0.387672
