Basis,Coeff
(Intercept),36.151
h(x0-10.15),0.90392
h(12.68-x0),-9.39686
x2,0.946189
h(10.61-x0),9.66333
