Basis,Coeff
(Intercept),-187.993
h(x6-284.13),-0.0245097
h(x0-7.09),1.10951
h(x6-133.68),0.0312267
h(133.68-x6),0.032491
h(x4-344.89),0.383396
x5,1.42096
h(x6-299.25),0.11437
h(x4-284.51),-0.168117
h(x4-90.47),-2.84584
h(90.47-x4),2.95593
h(x1-5.02),-90.8574
h(5.02-x1),-0.430832
h(46.17-x4),0.117794
h(26.53-x4),-5.62786
h(x4-21.68),1.39596
h(28.67-x4),2.60146
h(x4-17.84),-0.628434
h(x4-25.12),2.21189
h(x4-81.98),-0.0738741
h(x4-331.88),-0.187516
