Basis,Coeff
(Intercept),-35.2806
h(x0-1.85),3.1242
h(1.85-x0),5.57666
x5,3.13093
h(x4-262.81),-0.0621848
h(262.81-x4),0.0405281
h(77.89-x6),0.278162
h(x6-57.76),-0.501175
h(14.36-x3),0.269993
h(x2-0.05),54.0836
h(0.05-x2),-1.70536
h(x6-30.1),0.489954
h(30.1-x6),-0.097873
h(x4-38.56),0.0570208
h(x6-197.02),0.0201608
