Basis,Coeff
(Intercept),72.5272
h(166.06-x6),0.114744
h(x2+1.63),-20.3855
h(-1.63-x2),-32.2063
h(x1-11.49),-151.548
h(x0-12.41),5.13106
h(x1-11.6),141.724
h(11.6-x1),-6.40219
h(x3-6.67),0.248949
h(x6-64.56),0.074339
h(13.9-x0),-1.69757
h(-1.89-x2),47.8232
h(x6-286.13),0.157816
h(240.4-x6),-0.0637303
h(x2-0.61),88.113
x5,-1.0935
h(x6-312.08),-0.189758
h(x6-151.91),-0.111697
h(x6-328.46),0.162775
