Basis,Coeff
(Intercept),19.6783
h(10.66-x0),12.4149
h(x0-10.85),2.40382
h(10.85-x0),-13.9363
h(-1.64-x2),11.3517
h(x6-39.56),-0.353228
h(x6-53.24),0.161583
h(x6-30.61),0.194018
