Basis,Coeff
(Intercept),20.2438
h(x0-12.53),12.0318
h(12.53-x0),-3.29581
h(172.65-x6),0.165767
x1,2.68358
h(x6-98.68),-0.0703886
h(x3-10.33),32.7321
h(208.11-x6),-0.180343
