Basis,Coeff
(Intercept),4.02553
h(x0-9.93),-8.08186
h(9.93-x0),-1.43645
h(x3-7.88),0.439554
h(7.88-x3),0.73039
x5,1.43957
h(x2+0.94),4.99952
h(-0.94-x2),-5.2834
h(x4-25.78),0.0670288
h(25.78-x4),0.0265115
h(x0-9.16),11.4177
h(x1-11.89),-266.347
h(11.89-x1),1.03787
h(11.73-x3),-0.772396
