Basis,Coeff
(Intercept),1.45332
h(x0-12.68),6.92778
h(12.68-x0),-2.3612
x1,2.47845
h(x2-0.59),-56.3776
h(0.59-x2),2.81498
h(x3-10.14),0.193664
h(10.14-x3),-0.0920763
x5,0.510562
