Basis,Coeff
(Intercept),5.11183
h(x0-9),4.23055
h(9-x0),-2.66031
h(x3-17.68),1.19248
h(17.68-x3),-0.1383
x1,1.96643
h(x2+0.9),-6.69102
h(-0.9-x2),-2.20319
h(x6-121.9),-0.0222533
h(x3-24.28),-2.16694
