Basis,Coeff
(Intercept),914.381
h(x0-12.09),-13.899
h(12.09-x0),-2.20628
x1,-68.2824
h(x3-11.87),0.6242
h(11.87-x3),-1.35696
x2,-15.3958
h(2.37-x5),-4.42401
h(x6-20.33),-0.668142
h(20.33-x6),0.497652
h(x6-9.35),0.668554
h(x4-73.98),0.244169
