Basis,Coeff
(Intercept),68.3781
h(x3-18.03),-0.599465
h(x0-14.26),-15.7614
h(14.26-x0),69.9294
x1,1.87332
h(106.09-x6),0.748274
h(x4-76.89),-0.202606
h(x2+1.31),-7.08136
h(x4-237.98),1.03162
h(237.98-x4),0.446614
h(14.84-x0),-71.5259
x5,1.79207
h(x6-55.9),0.588121
h(55.9-x6),-0.662442
h(260.69-x4),-0.630169
h(x4-233.31),-1.01243
h(197.11-x4),0.0662742
h(x3-26.53),4.36013
h(26.53-x3),-0.552332
