Basis,Coeff
(Intercept),21.8666
h(x0-12.96),17.7067
h(12.96-x0),-3.33941
h(313.29-x4),-0.11996
h(x6-97.13),-0.0734224
h(97.13-x6),0.046928
h(x6-182.87),0.179056
h(x6-167.7),-0.105712
h(198.86-x6),-0.0674448
x5,-0.363761
h(342.72-x4),0.0932151
h(274.94-x4),0.0533459
h(x4-15.19),0.0289827
h(x4-114.13),-0.0481263
h(x4-66.95),0.0382536
