Basis,Coeff
(Intercept),52.8448
x6,-0.0145576
x0,1.51561
x3,0.328846
x1,-8.6542
h(-1.86-x2),9.23954
