Basis,Coeff
(Intercept),-167.3
h(x0-13.85),18.3498
h(13.85-x0),-3.11481
h(x2-0.7),70.694
h(0.7-x2),6.21245
h(18.85-x3),-0.44672
h(x5-2.95),11.1093
h(2.95-x5),0.833453
h(x4-44.6),-0.00564336
h(44.6-x4),-0.0403442
h(x0-14.34),-27.7684
h(x6-9.35),5.41451
h(9.35-x6),-2.5892
h(357.56-x6),0.607161
h(x6-6.4),-6.18928
h(x6-2.78),1.38191
h(25.5-x6),-0.109212
h(5.1-x6),2.77164
