Basis,Coeff
(Intercept),39.678
h(x0-15.73),-7.08827
h(15.73-x0),-4.68607
h(224.61-x4),-0.0108153
h(185.08-x6),-0.428115
h(230.13-x6),0.139628
h(x4-301.91),-0.0501297
h(177.6-x6),0.315135
x3,0.0973381
h(x6-282.12),-0.0837898
h(0.48-x4),-4.16517
x2,1.05674
h(141.81-x6),-0.0294861
h(x6-195.53),0.0539383
