Basis,Coeff
(Intercept),34.1084
h(x0-13.67),4.5554
h(13.67-x0),-6.19966
h(x6-166.1),0.0467596
h(x4-271.33),-0.0734051
h(271.33-x4),-0.0276357
h(x6-237.15),0.652065
h(237.15-x6),0.0100806
h(x6-192.43),-0.103004
h(x6-243.2),-0.540566
h(13.73-x4),0.0754743
x2,-1.41921
