Basis,Coeff
(Intercept),11.4507
h(4.13-x0),9.28524
h(x6-234.14),0.0235951
h(x0-9.41),-26.1495
h(9.41-x0),-5.63141
h(-0.01-x2),-32.3271
h(x2-0.62),82.4434
h(0.62-x2),28.1856
h(x1-12.66),43.2132
h(12.66-x1),8.1369
h(x6-35.92),0.0253373
h(35.92-x6),0.0612502
h(x5-2.67),4.37577
h(2.67-x5),-0.658298
h(x6-155.07),-0.0347566
h(x6-329.46),-0.0635414
h(x4-240.1),-0.00625302
