Basis,Coeff
(Intercept),8.10511
h(319.19-x4),0.0277886
x2,-5.46477
h(1.19-x5),-12.3809
