Basis,Coeff
(Intercept),22.6482
h(11.5-x1),-2.65414
h(x0-11.08),5.40133
h(x3-6.53),0.115945
h(x4-224.05),0.0147909
