Basis,Coeff
(Intercept),45.3811
h(10.61-x0),-4.98849
x5,0.959738
h(x3-3.02),0.0710931
h(3.02-x3),-3.3978
h(x2+0.93),-12.9983
h(-0.93-x2),15.6636
h(x1-11.63),84.5104
h(11.63-x1),-5.1014
h(x4-65.58),0.00739386
h(65.58-x4),-0.0217053
h(9.73-x0),3.88945
