Basis,Coeff
(Intercept),-167.802
x1,3.02773
h(15.27-x0),20.6003
h(4.92-x5),-1.53892
h(x6-249.46),0.0224885
h(249.46-x6),-0.0514802
h(x4-85.86),-0.244436
h(85.86-x4),0.16847
h(x0-7.71),4.81363
h(x2+2.67),-5.90109
h(-2.67-x2),-52.2865
h(x3-27.97),-0.554228
h(27.97-x3),14.0044
h(263.26-x4),-0.229948
h(196.94-x6),0.138937
h(x0-3.7),18.7738
h(3.7-x0),-23.5119
h(28.66-x3),-14.2678
h(x4-306.67),0.20167
