Basis,Coeff
(Intercept),-33.6892
h(x0-7.372),8.45823
h(7.372-x0),-7.23453
h(x2+0.15),-14.464
h(-0.15-x2),12.2798
h(x3-13.48),0.808167
h(13.48-x3),-0.193273
h(12.551-x0),5.80659
h(x1-11.353),-16.9065
h(11.353-x1),-1.73028
h(x2+2.001),12.5059
h(x5-2.64),3.32827
h(2.64-x5),-0.0911182
