Basis,Coeff
(Intercept),19.2023
h(11.68-x1),-0.395066
h(x0-7.29),-15.2868
h(21.53-x3),0.150027
x5,0.834455
h(x4-0.48),0.100353
h(0.48-x4),3.70548
h(x2-0.71),-27.8648
h(0.71-x2),-3.01546
h(x0-6.88),17.4943
h(341.76-x6),0.171623
h(x3-27.76),1.05574
h(27.76-x3),-0.551271
