Basis,Coeff
(Intercept),22.8897
h(0.57-x2),10.2128
h(x4-46.44),0.593331
h(x6-143.81),0.0180803
h(143.81-x6),0.0297469
h(x0-12.73),9.84972
h(12.73-x0),-1.20273
h(x4-15.84),0.23802
h(15.84-x4),0.613768
h(17.88-x3),-6.73421
h(x4-44.96),-0.837961
h(x3-20.35),-9.78966
