Basis,Coeff
(Intercept),102.42
h(x0-9.67),2.08287
x5,-0.573059
h(x6-7.18),0.237514
h(241.07-x6),-0.0477565
x1,-11.4561
x2,-5.29267
x3,0.233946
h(x4-292.97),0.0334112
h(292.97-x4),-0.04881
h(x6-279.06),-0.185897
h(279.06-x6),0.284182
h(x4-11.96),-0.0464502
