Basis,Coeff
(Intercept),-105.911
h(x0-7.74),30.6502
h(7.74-x0),-46.9673
h(11.63-x0),29.622
x1,1.00015
h(x3-9.85),2.4871
h(9.85-x3),-0.354397
h(x0-11.77),-24.6254
h(7.34-x0),15.7731
h(x0-14.84),-10.5023
h(x2-0.54),25.2999
h(0.54-x2),1.07567
h(50.09-x6),0.114823
x5,-1.58353
h(x6-159.81),0.0341037
