Basis,Coeff
(Intercept),-133.669
h(15.34-x0),-4.46226
h(x5-3.2),2.25591
h(3.2-x5),2.12343
h(x6-224.99),0.136573
x1,3.79834
h(x4-88.84),0.807865
h(88.84-x4),-0.748045
h(x4-233.46),-0.0326579
h(x4-26.66),-0.161459
h(352.43-x4),0.63548
h(162.75-x6),0.118103
h(x6-132.77),-0.110359
h(208.07-x6),-0.131534
h(x3-1.27),0.372352
