Basis,Coeff
(Intercept),-337.032
h(11.58-x0),-0.569002
x1,1.36697
h(x6-197.84),-1.76609
h(197.84-x6),1.76596
h(-2.03-x2),30.8446
h(x6-276.91),0.0772789
x3,0.138567
h(x6-2.98),1.76496
h(9.84-x0),-1.91065
