Basis,Coeff
(Intercept),6.59331
h(x6-27.28),-0.0412755
h(27.28-x6),-0.114347
h(13.21-x3),-0.290745
h(x2+1),181.473
h(-1-x2),6.33639
h(x1-4.99),63.2605
h(4.99-x1),-4.47556
h(x0-7.09),2.91648
