Basis,Coeff
(Intercept),-43.0352
h(13.34-x0),13.086
h(x5-3.94),-31.5362
h(3.94-x5),-4.55789
h(-0.48-x2),40.3682
h(x6-56.5),-0.190685
h(56.5-x6),-0.939247
x1,1.34881
h(x4-45.82),2.999
h(45.82-x4),-0.325228
h(x3-12.43),0.12719
h(12.43-x3),0.180655
h(x4-20.01),-0.622188
h(x0-7.17),14.2748
h(7.17-x0),-27.5087
h(7.65-x0),9.79542
h(x4-47.18),-2.35932
h(x0-14.95),-12.562
h(5.84-x4),0.773766
h(0.05-x2),-31.2927
