Basis,Coeff
(Intercept),-142.874
h(x4-98.91),-0.41997
h(x0-6.89),-5.31362
x5,1.71638
h(222.53-x4),0.164703
x2,-3.68859
h(x6-278.82),0.133122
h(278.82-x6),-0.150819
x1,2.26429
h(x4-83.55),-0.711918
h(83.55-x4),0.989808
h(x6-342.1),-0.412275
h(25.41-x4),-0.673062
x3,0.237755
h(x6-90.11),0.0379103
h(321.55-x6),0.176105
h(x0-5.11),7.39709
h(x4-7.26),0.926382
h(x4-38.62),0.254708
h(x0-14.36),10.8254
