Basis,Coeff
(Intercept),-166.847
h(x0-9.09),1.37291
h(9.09-x0),-1.43509
h(x6-322.55),0.269599
x2,-11.0344
h(x6-343.54),-0.589175
x3,0.160492
h(x6-51.14),-0.201308
x5,0.752729
h(x6-230.63),0.0398745
h(x6-349.87),-3.93144
h(349.87-x6),4.40229
h(x6-266.12),-0.0300417
h(x2-0.98),90.2519
h(x6-2.45),0.808906
h(358.75-x6),-3.75569
