Basis,Coeff
(Intercept),38.614
h(x0-7.74),-5.56781
h(7.74-x0),6.72528
h(x1-11.47),9.06156
h(10.92-x0),-11.9298
h(x3-1.68),0.280251
h(x2-0.6),108.613
h(0.6-x2),8.08289
h(10.19-x6),0.131116
h(x0-10.23),6.50232
h(186.2-x4),-0.0233022
