Basis,Coeff
(Intercept),8.53921
h(x0-3.41),2.88691
x5,2.51685
h(x1-5.12),0.385605
h(5.12-x1),2.81971
h(x6-110.1),1.81272
h(x6-261.78),-0.172651
h(x6-173.8),0.313238
h(x6-112.86),-1.7917
h(112.86-x6),0.0667032
h(x6-41.76),-0.145801
h(x2-0.71),-42.4912
h(0.71-x2),-1.47851
h(x6-199.04),-0.138499
h(283-x4),0.0195662
h(x6-307.41),0.180068
h(136.29-x6),-0.109564
