Basis,Coeff
(Intercept),17.2411
h(x0-11.34),5.13615
h(11.34-x0),-3.46291
h(x0-14.6),-6.39647
h(x0-12.37),2.14608
h(90.43-x4),-0.00597136
