Basis,Coeff
(Intercept),-128.627
h(8.32-x0),6.72033
h(194.94-x4),-0.232181
h(x0-5.77),4.23942
h(5.77-x0),-12.0877
h(x6-143.01),0.619256
h(143.01-x6),2.6452
h(341.86-x6),-2.44541
h(x4-341.8),-1.45913
x5,1.11331
x1,-3.01704
h(x4-329.7),1.18264
h(329.7-x4),-0.88984
h(346.63-x4),0.991632
h(141.85-x6),-3.172
h(103.19-x4),0.115529
h(x6-224.5),-0.103177
h(295.12-x6),0.113453
h(x4-310.19),0.152683
h(347.59-x6),2.86922
x2,0.843123
