Basis,Coeff
(Intercept),40.9926
h(x0-12.96),16.7942
h(12.96-x0),-3.74695
h(x1-11.41),-42.006
h(11.41-x1),-1.78052
h(x3-11.61),-2.81064
h(11.61-x3),-0.11543
x6,-0.0164091
h(9.65-x0),1.04733
h(x2+1.31),-2.79098
