Basis,Coeff
(Intercept),-32.8371
h(x2+0.7),21.7154
h(-0.7-x2),16.0906
h(x0-8.95),1.93737
h(8.95-x0),-3.04061
h(x6-203.15),-0.179312
h(6.37-x3),0.76608
h(326.53-x6),0.345738
h(x0-9.71),3.60937
h(x6-169.55),0.440362
h(162.13-x6),-0.363428
h(x1-11.64),12.8864
h(3.32-x3),1.27147
x4,-0.0621238
