Basis,Coeff
(Intercept),42.729
h(15.79-x0),-3.76282
x3,0.414963
h(x1-11.88),-174.178
h(11.88-x1),-0.225127
h(x6-18.4),0.0226971
h(18.4-x6),0.328371
h(x4-242.37),-0.0251876
h(242.37-x4),-0.0133869
h(x5-4.38),11.2119
h(4.38-x5),-0.797457
x2,1.66618
h(x6-99),-0.0237468
