Basis,Coeff
(Intercept),59.2796
h(x0-10.51),9.92812
h(10.51-x0),-3.26161
h(x6-220.3),0.176987
h(220.3-x6),-0.128436
h(12.34-x1),-1.25821
h(x3-18.38),0.628421
h(0.55-x2),2.712
h(x4-338.24),-0.0220909
h(338.24-x4),0.396187
h(x0-9.18),-5.84636
h(x6-19.04),-0.143016
