Basis,Coeff
(Intercept),5.05627
h(x0-9.85),2.68383
h(4.89-x1),-7.93901
h(x0-11.95),6.87108
h(73.95-x6),0.0749231
h(x4-15.12),0.771031
h(x4-33.66),-0.780369
h(33.66-x4),0.616957
h(9.93-x4),-0.822906
h(x2+1.74),-19.6095
h(x4-326.01),0.0475157
