Basis,Coeff
(Intercept),10.8783
h(x0-1.91),0.54354
h(1.91-x0),-0.886041
h(x6-239.97),-0.0597979
h(197.47-x6),0.102276
h(6.47-x0),-1.47683
h(4.41-x3),-0.153123
h(x4-109.03),-1.56617
h(x6-187.34),0.0455486
h(187.34-x6),-0.100112
x2,0.638222
