Basis,Coeff
(Intercept),-305.724
h(x0-13.84),14.7866
h(x2-0.7),72.1626
h(0.7-x2),13.2452
h(x0-14.33),-22.9575
h(14.33-x0),-1.45168
x3,0.249299
h(x5-2.45),3.15333
h(2.45-x5),2.05857
h(41.45-x4),-0.108008
h(354.69-x6),0.418727
h(x6-47.83),0.45147
h(47.83-x6),-1.08936
h(x6-336.92),-0.843396
h(x6-317.38),0.266915
h(342.39-x6),0.606788
h(132.94-x4),-0.0351015
h(338.83-x4),0.0910303
h(x6-51.43),0.568577
h(x4-51.9),0.0710126
h(25.5-x6),0.0688114
