Basis,Coeff
(Intercept),14.6639
h(x0-9),4.40936
h(9-x0),-1.41157
h(x3-17.68),1.1083
h(17.68-x3),-0.182184
h(x1-11.82),-88.9094
h(11.82-x1),-1.11755
h(x3-24.28),-2.30845
h(22.22-x6),0.127585
h(x4-36.75),-0.0766999
h(36.75-x4),-0.0581852
h(x6-117.46),0.0409003
h(117.46-x6),-0.106234
x5,0.770652
h(195.62-x6),0.0802909
h(x4-58.78),0.0811671
