Basis,Coeff
(Intercept),20.3889
h(x0-8.19),-8.58309
h(x6-216.07),-0.0825822
h(12.19-x0),3.2677
h(12.41-x1),-0.912528
h(x0-9.82),10.1648
h(x2-0.6),-103.983
h(x0-8.84),-9.77006
h(x0-7.37),18.4192
h(7.37-x0),-4.74559
x3,0.340686
h(x6-109.89),0.0421084
h(109.89-x6),0.0400391
h(x6-271.54),0.077872
h(13.74-x0),-3.34287
h(x0-6.34),-6.09481
