Basis,Coeff
(Intercept),36.9053
x4,-0.632813
x0,5.19382
x1,2.82082
