Basis,Coeff
(Intercept),-38.2728
h(x0-9.8),3.23917
h(208.11-x6),0.00472484
x1,10.3858
h(x2+1.64),29.708
h(-1.64-x2),11.1119
h(59.86-x6),0.0295819
x5,1.36471
