Basis,Coeff
(Intercept),-37.0462
h(2.6-x5),-2.93978
h(x0-5.3),1.44447
h(5.3-x0),2.40217
x1,11.97
h(x2+2.59),-8.59027
h(-2.59-x2),-31.9082
h(x6-226.86),-0.0891457
h(x6-182.56),0.0556342
h(182.56-x6),-0.011408
h(x2+0.91),11.5425
h(53.56-x6),-0.161185
h(133.51-x6),0.0511983
h(x4-173.07),0.00190628
