Basis,Coeff
(Intercept),14.6321
h(12.2-x0),-1.4762
h(x6-197.4),0.101533
h(197.4-x6),-0.0918026
x5,-1.4825
h(334.34-x6),0.0869149
h(137.71-x6),-0.0169815
x3,0.173215
h(242.07-x6),0.01564
h(11.48-x1),10.5361
