Basis,Coeff
(Intercept),28.2539
x1,1.34887
h(2.84-x5),1.64998
h(x0-14.09),1.84427
h(14.09-x0),-12.7998
h(13.04-x0),9.57431
h(7.39-x0),4.15503
h(x3-15.1),0.547637
h(x4-318.98),-0.0145939
h(318.98-x4),0.197774
