Basis,Coeff
(Intercept),-56.0531
h(7.95-x0),-12.8229
x1,1.19265
h(x6-9.29),-1.45038
h(x0-14.95),-14.5762
h(x0-7.64),15.6962
h(x0-9.69),-5.2084
h(9.69-x0),25.0122
h(9.1-x0),-22.6696
h(13.49-x0),6.76297
x5,-0.709918
h(x6-5.39),1.44514
