clusters,var,error,Trerror,partitioners,models
2,11676.917912975307,1.4996200799942017,1.6529736518859863,TensorFlowCl,TensorFlowW1
