clusters,error,models,partitioners,var
1,5.036117105009896,PavlosInterpolation,KMeansPartitioner,9928.959944611977
3,3.923015594482422,TensorFlowW1,KMeansPartitioner,9928.959944611977
1,3.2002192622442553,PavlosInterpolation,KMeansPartitioner,8205.534292247425
3,4.6420722007751465,TensorFlowW1,KMeansPartitioner,8205.534292247425
1,5.211176315530412,PavlosInterpolation,KMeansPartitioner,10091.708404034267
3,4.8195319175720215,TensorFlowW1,KMeansPartitioner,10091.708404034267
1,5.337684019162401,PavlosInterpolation,KMeansPartitioner,10386.866629899976
3,4.412474632263184,TensorFlowW1,KMeansPartitioner,10386.866629899976
