clusters,var,error,Trerror,partitioners,models
<<<<<<< HEAD
<<<<<<< HEAD
<<<<<<< HEAD
<<<<<<< HEAD
<<<<<<< HEAD
1,1403.358251529278,3.241752862930298,3.241752862930298,KMeansPartitioner,TensorFlowW1
=======
1,1074.5677078750239,2.1076042652130127,2.1076042652130127,KMeansPartitioner,TensorFlowW1
>>>>>>> 5a43801735e05336e1b36a0ed265ef0ef22603c2
=======
1,1074.5677078750239,2.1076042652130127,2.1076042652130127,KMeansPartitioner,TensorFlowW1
>>>>>>> 5a43801735e05336e1b36a0ed265ef0ef22603c2
=======
1,1074.5677078750239,2.1076042652130127,2.1076042652130127,KMeansPartitioner,TensorFlowW1
>>>>>>> 5a43801735e05336e1b36a0ed265ef0ef22603c2
=======
1,1074.5677078750239,2.1076042652130127,2.1076042652130127,KMeansPartitioner,TensorFlowW1
>>>>>>> 5a43801735e05336e1b36a0ed265ef0ef22603c2
=======
1,1074.5677078750239,2.1076042652130127,2.1076042652130127,KMeansPartitioner,TensorFlowW1
>>>>>>> 5a43801735e05336e1b36a0ed265ef0ef22603c2
