clusters,var,error,Trerror,partitioners,models
4,10287.486902244687,1.904458999633789,1.8484201431274414,TensorFlowCl,TensorFlowW1
