clusters,var,error,Trerror,partitioners,models
5,9251.783463144913,1.7408207654953003,1.7621901035308838,TensorFlowCl,TensorFlowW1
