Trerror,clusters,error,models,partitioners,var
3.928151845932007,7,3.930312395095825,TensorFlowW1,TensorFlowCl,9504.328623091884
6.073519676348529,6,6.111400122813064,PavlosInterpolation,TensorFlowCl,9504.328623091884
