clusters,error,models,partitioners,var
1,5.530546039140848,PavlosInterpolation,KMeansPartitionerWS_WA,9928.959944611977
25,4.704993724822998,TensorFlowW1,KMeansPartitionerWS_WA,9928.959944611977
1,5.530546039140848,PavlosInterpolation,KMeansPartitionerWS_WA,8335.066544248051
25,5.04572868347168,TensorFlowW1,KMeansPartitionerWS_WA,8335.066544248051
1,5.530546039140848,PavlosInterpolation,KMeansPartitionerWS_WA,8787.654967483542
25,4.166071891784668,TensorFlowW1,KMeansPartitionerWS_WA,8787.654967483542
1,5.530546039140848,PavlosInterpolation,KMeansPartitionerWS_WA,9906.428858943964
25,8.303991317749023,TensorFlowW1,KMeansPartitionerWS_WA,9906.428858943964
