clusters,var,error,Trerror,partitioners,models
4,9121.383366395896,2.1568262577056885,2.1739249229431152,TensorFlowCl,TensorFlowW1
