clusters,var,error,Trerror,partitioners,models
1,9844.198309933809,0.039854101836681366,0.03710411116480827,KMeansPartitioner,TensorFlowW1
