Trerror,clusters,error,models,partitioners,var
3.8287575244903564,6,3.8254659175872803,TensorFlowW1,TensorFlowCl,9504.328623091884
6.073519676348529,6,6.111400122813064,PavlosInterpolation,TensorFlowCl,9504.328623091884
