clusters,var,error,Trerror,partitioners,models
3,11676.917912975307,2.9595754146575928,3.0363540649414062,TensorFlowCl,TensorFlowW1
