clusters,var,error,Trerror,partitioners,models
3,9251.783463144913,1.7324848175048828,1.7203656435012817,TensorFlowCl,TensorFlowW1
