clusters,var,error,Trerror,partitioners,models
4,9121.383366395896,2.0896737575531006,2.1105408668518066,TensorFlowCl,TensorFlowW1
