clusters,var,error,Trerror,partitioners,models
<<<<<<< HEAD
1,9241.459374015854,1.2343626022338867,1.2221485376358032,KMeansPartitionerWS_WA,TensorFlowW1
=======
1,2773.669214406615,0.6753140091896057,0.6600536108016968,KMeansPartitioner,TensorFlowW1
>>>>>>> bdf3ac40dfb296867ee131582bc57abaaaa9dcc4
