clusters,var,error,partitioners,models
3,9928.959944611977,4.929656982421875,KMeansPartitioner,TensorFlowW1
3,8205.534292247425,3.537867307662964,KMeansPartitioner,TensorFlowW1
3,10091.708404034267,12.464509963989258,KMeansPartitioner,TensorFlowW1
3,10386.866629899976,5.700973033905029,KMeansPartitioner,TensorFlowW1
