Trerror,clusters,error,models,partitioners,var
4.841698169708252,6,4.831178665161133,TensorFlowW1,TensorFlowCl,9504.328623091884
6.073519676348529,6,6.111400122813064,PavlosInterpolation,TensorFlowCl,9504.328623091884
