FOC,PERC
40.571053,37.44,43.431347
18.803282,41.76,0.12902921
38.879097,34.56,39.03623
34.65881,27.36,3.8084023
17.545053,30.24,7.617858
33.768112,23.04,1.0606977
25.86264,33.12,20.768183
[[37.469574]],36.0,18.336016
